Species,Regions,Best Time,Tide Sensitivity,Favourite Baits & Natural Diet,Effect of Temperature,Effect of Weather,Typical Distance/Depth,Edibility (/10),Restrictions/Notes,Trusted Authority (rules)
Sea Bass,"Atlantic, Mediterranean, North Sea",Dawn/dusk; warm months. Night over clean surf or estuary edges in summer.,Strong; best on flooding (mid–late flood) and first of the ebb around structure.,"Crab, rag/lugworm, sandeel, small fish; hunts sprats, prawns, shore crabs.",Active ≥12–13 °C; slows in cold spells; peak June–Oct in many regions.,Feeds after onshore blow that stirs crabs/sandeels; too much swell/silt reduces success.,Surf lines and rocky heads 0–150 m from shore; 1–20 m depth (deeper in winter).,9,Bag limits & seasonal rules common; typical EU/UK MLS ~42 cm—verify locally.,"Check national authority (e.g., UK IFCA/MMO; Ireland SFPA; Spain MAPA; France OFB)."
Mackerel,"Atlantic, North Sea, Baltic",Daylight when shoals are in; dawn/evening peaks in summer.,Low–moderate; moving water helps push bait inshore.,"Feathers/sabiki, small metals; eats sprats, sandeels, krill/zooplankton.",Surface‑oriented in warm seasons; moves offshore/deeper when cold.,"Stable, settled weather concentrates shoals; heavy swell scatters bait.",Mid‑water shoals 5–60 m; piers/headlands to offshore banks.,8,Local bag limits in places; observe pier/harbour rules.,"Local harbour by‑laws; national fisheries sites (e.g., UK IFCA/MMO; Ireland SFPA)."
Horse Mackerel,"Atlantic, Mediterranean, North Sea",Dusk to night under lights; also at first light.,Low–moderate; harbour tides concentrate plankton.,"Fine sabiki, tiny metals; eats zooplankton, small fish/larvae.",More coastal in mild–warm water; drops deeper in cold.,"Clear, calm nights best; turbidity after storms reduces takes.","Harbours, piers, lights; mid‑water 5–50 m.",7,Few sport rules; size/bag may apply locally.,Port/harbour by‑laws; national fisheries agency.
Common Squid,"Atlantic, Mediterranean","Night with lights; peaks on dusk and first dark, autumn–winter many areas.",Moderate; prefers steady run rather than slack.,"Egi jigs; preys on small fish, prawns.",Most coastal in cool to mild seasons; heat drives them deeper.,Clear water & small swell best; post‑storm murk is poor.,From harbour walls to 5–30 m; over sand/weed beds.,9,Local seasonal closures/limits may apply; respect harbour rules.,"Regional fisheries (e.g., Spain MAPA/CCAA; Italy MIPAAF; Portugal DGRM)."
Conger Eel,"Atlantic, Mediterranean, English Channel",Night; over low‑light periods year‑round.,Low–moderate; prefers steady run around structure.,"Whole fish/squid, fish heads; ambush predator on fish/crustaceans.",Feeds across wide range; slightly better in mild water.,Unfazed by swell; dirty water fine if baits are scented.,"Rock holes, piers, wrecks; 5–50 m (deeper offshore).",7,Handling care; some areas limit retention—check local laws.,UK IFCA/MMO; Ireland SFPA; France OFB; Spain MAPA.
Red Mullet,"Mediterranean, Bay of Biscay","Daytime; dawn on calm, clear days.",Moderate; flooding tide over clean sand best.,"Small worms, shrimps; uses barbels to root crustaceans.",Warm‑water preference; summer–autumn peak.,"Settled, clear water ideal; heavy swell suppresses feeding.",Sandy/muddy bays 5–50 m; often close in.,9,Minimum sizes common; verify locally.,Spain MAPA/CCAA; France OFB; Portugal DGRM.
Sea Bream (Dorada),"Mediterranean, Southern Atlantic",Dawn/dusk; warm months. Night over beaches/estuaries.,Strong; mid‑flood around bars/holes excellent.,"Crab, prawn, mussel; cracks shellfish with strong molars.",Prefers ≥15 °C; sluggish in cold snaps.,Light onshore chop good; heavy surf reduces bites.,Beaches/estuaries/rocky reefs; 2–30 m.,9,Common MLS & bag limits; check local regs.,Spain MAPA/CCAA; Portugal DGRM; Italy MIPAAF.
Garfish (Needlefish),"Atlantic, North Sea, Baltic",Daylight & dusk in spring runs; also at night under lights.,Low–moderate; moving surface water helpful.,Small surface lures/float baits; eats sprats/sandeels.,Arrives with warming water in spring–summer.,Calm/clear or slight chop best; big swell poor for floats.,Surface layers 0–5 m; close to piers/headlands.,6,Few restrictions; sharp beak—handle with care.,National fisheries agency/harbour by‑laws.
Wrasse (various),"Atlantic, North Sea, Mediterranean","Daylight, especially flood tide over kelp/rocks.",Moderate; feeds as crabs/prawns move with tide.,"Crab, prawn, shellfish; picks in kelp/rock crevices.",Best in mild–warm water; lethargic in winter.,Clear water preferable; heavy swell pushes them tight to cover.,Rocky kelp ground 2–20 m; very close to shore.,6,Conservation measures in some regions (wrasse for aquaculture); many anglers practise C&R.,"Regional conservation/fisheries bodies (e.g., UK IFCAs; Norway Fiskeridirektoratet)."
Grey Mullet,"Atlantic, Mediterranean",Evening/dawn; sight‑feeding in daylight on calm days.,Strong in estuaries on flood; slack water sight‑polaroiding works.,"Bread, tiny worms, harbour detritus; filter‑grazer.",Best in mild–warm months; cold snaps shut them down.,After rain/run‑off they graze hard in estuaries; strong winds spook shoals.,"Harbours, marinas, surf edges; 0–10 m.",7,Local restrictions possible; avoid polluted harbours for consumption.,Municipal/port by‑laws; national fisheries sites.
Cod (Coastal),"North Sea, Baltic, Norwegian waters",Low light and night; autumn–winter inshore peaks.,Strong; running tide over rough ground best.,"Lug/ragworm, squid, crab, fish baits; eats crabs, fish, shellfish.",Cold‑water species; moves deeper when warm.,Settling after storms good; extreme swell hampers presentation.,Shallow rough ground 5–40 m (coastal stocks).,9,"Closed areas/seasons and MLS common, especially Baltic—check locally.",Norway Fiskeridirektoratet; Denmark/Sweden agencies; UK IFCA/MMO.
Whiting,"North Sea, Atlantic",Night & low‑light; peaks in colder months inshore.,Moderate–strong; likes run over sand/mixed ground.,"Small strips of mackerel/squid, worms; eats shrimp/small fish.",Cool‑water oriented; less activity in heat.,Best in settled or light chop; heavy surf scatters shoals.,Inshore 5–50 m over sand/mixed.,7,MLS and bag rules vary—verify locally.,"National fisheries websites (e.g., UK IFCA/MMO; Ireland SFPA)."
Saithe/Pollock,"North Sea, Norwegian waters",Dawn/dusk; overcast days with lures.,Moderate; hunts on current edges around structure.,"Metals, soft plastics, sandeel/mackerel strip; eats small fish.",Active in cool–mild water; heat or deep winter slows.,Clear water with some movement ideal; big swell pushes them deeper.,"Kelp fringes, reefs, wrecks 5–80 m.",8,Local size/bag rules; some areas encourage releasing larger breeders.,Norway Fiskeridirektoratet; UK/NL/DE national agencies.
Flounder,"North Sea, Baltic, Atlantic",Dusk/night and daylight in coloured water; autumn–winter strong.,Strong in estuaries/beaches; mid‑flood best.,"Worms, shrimp, small crab; opportunistic scavenger.",Tolerant; feeds in cold but slower in extremes.,Coloured water and gentle surf good; heavy weed/swell poor.,Very close in on sand/mud; 0–20 m (estuaries to open beaches).,7,Local MLS/seasonal protections in some estuaries—verify.,Baltic/North Sea national agencies; UK IFCA/MMO.
Sardine,"Atlantic, Mediterranean",Night under lights; dawn when bait shoals push in.,Low; moving water helps schooling behaviour.,Tiny sabiki; plankton feeder.,Warmer‑water coastal; moves offshore in cold.,Settled weather aggregates shoals; storms disperse.,Surface–midwater 0–40 m near ports/bays.,8,Commercial controls common; recreational limits vary—check locally.,Spain/Portugal DGRM/MAPA; France OFB.
Herring,"North Sea, Baltic, Atlantic",Dusk/night; winter–spring runs in many areas.,Low–moderate; currents concentrate schools.,Sabiki/small spoons; plankton/small fish.,Cool‑water; seasonal coastal runs.,Calm or slight chop best; heavy swell pushes deeper.,Mid‑water shoals 5–80 m; piers to offshore banks.,9,Closed seasons/areas common—verify before fishing.,Baltic/North Sea national agencies.
Sprat,"Baltic, North Sea",Night under lights; winter harbours.,Low; congregates where plankton concentrates.,Very fine sabiki; plankton feeder.,Prefers cool waters; winter inshore.,"Calm, clear nights best; storm turbidity disperses.",Surface shoals 0–30 m in bays/ports.,7,Often regulated with seasonal closures—check locally.,Baltic national agencies; port by‑laws.
John Dory,"Atlantic, Mediterranean",Daytime; dawn on reefs/wrecks.,Low–moderate; ambushes around current seams.,Livebaits/squid; predator on small fish.,Best in mild–warm settled periods.,Prefers calm/clear; big swell drives deeper/off the mark.,Reefs/wrecks 20–150 m; occasional inshore.,9,Commercial species; recreational MLS/bag may apply.,"National marine fisheries (e.g., France OFB; Spain MAPA)."
Turbot (Small),"North Sea, Atlantic",Dawn/dusk drifts over sandbanks.,Moderate; moving water over contours/banks best.,"Whole sandeel, fish strips; ambush predator.",Active spring–autumn; slows in very cold water.,Slight chop good; heavy surf buries baits.,Sandbanks 10–70 m; often just off beaches.,10,Strict MLS & protections—release undersized (‘small’) fish.,North Sea national agencies; UK IFCA/MMO; NL/DE authorities.
Sea Trout,"Atlantic, North Sea, Baltic","Dawn/dusk; at night in clear, calm conditions; spring/autumn coastal runs.",Moderate; moving water around points/bars best.,"Spinners, spoons, flies (sandeel, shrimp patterns); eats sandeels/shrimps.",Cool–mild water best (5–14 °C); hot bright days are tough.,Overcast with light onshore breeze ideal; after storm a settling day fishes well.,Very close to shore along seams/drop‑offs; 0–5 m.,9,"Highly regulated: seasons, bag limits, river/coastal distinctions—check carefully.","Baltic/Nordic agencies (e.g., Denmark, Sweden), UK/IE fisheries bodies."
