Species,Regions,Best Time,Tide Sensitivity,Favourite Baits & Natural Diet,Effect of Temperature,Effect of Weather,Typical Distance/Depth,Edibility (/10),Restrictions/Notes,Trusted Authority (rules),Context,Conservation Status,Fun Fact
Sea Bass,"Atlantic, Mediterranean, North Sea",Dawn/dusk; warm months. Night over clean surf or estuary edges in summer.,Strong; best on flooding (mid–late flood) and first of the ebb around structure.,"Crab, rag/lugworm, sandeel, small fish; hunts sprats, prawns, shore crabs.",Active ≥12–13 °C; slows in cold spells; peak June–Oct in many regions.,Feeds after onshore blow that stirs crabs/sandeels; too much swell/silt reduces success.,"Surf lines, estuaries, rocky headlands; 1–10 m; often within casting range.",9,Bag limits & seasonal rules common; typical EU/UK MLS ~42 cm—verify locally.,"Check national authority (e.g., UK IFCA/MMO; Ireland SFPA; Spain MAPA; France OFB).",Shore,IUCN: LC (global). North‑East Atlantic stocks tightly managed; observe local bag/season rules.,Roman elites farmed sea bass in coastal ponds; a VIP fish since antiquity.
Sea Bass,"Atlantic, Mediterranean, North Sea",Dawn/dusk; warm months. Night over clean surf or estuary edges in summer.,Strong; best on flooding (mid–late flood) and first of the ebb around structure.,"Crab, rag/lugworm, sandeel, small fish; hunts sprats, prawns, shore crabs.",Active ≥12–13 °C; slows in cold spells; peak June–Oct in many regions.,Feeds after onshore blow that stirs crabs/sandeels; too much swell/silt reduces success.,Deeper reefs and wrecks 10–30 m offshore; drift fishing productive.,9,Bag limits & seasonal rules common; typical EU/UK MLS ~42 cm—verify locally.,"Check national authority (e.g., UK IFCA/MMO; Ireland SFPA; Spain MAPA; France OFB).",Boat,IUCN: LC (global). North‑East Atlantic stocks tightly managed; observe local bag/season rules.,Roman elites farmed sea bass in coastal ponds; a VIP fish since antiquity.
Mackerel,"Atlantic, North Sea, Baltic",Daylight when shoals are in; dawn/evening peaks in summer.,Low–moderate; moving water helps push bait inshore.,"Feathers/sabiki, small metals; eats sprats, sandeels, krill/zooplankton.",Stays near the surface in warm seasons; moves offshore/deeper when cold.,"Stable, settled weather concentrates shoals; heavy swell scatters bait.",Shoals close to piers/headlands; middle depths 5–20 m.,8,Local bag limits in places; observe pier/harbour rules.,"Local harbour by‑laws; national fisheries sites (e.g., UK IFCA/MMO; Ireland SFPA).",Shore,IUCN: LC (global). North‑East Atlantic stocks fluctuate; follow local advice.,Their zebra stripes act like natural dazzle-camouflage against predators.
Mackerel,"Atlantic, North Sea, Baltic",Daylight when shoals are in; dawn/evening peaks in summer.,Low–moderate; moving water helps push bait inshore.,"Feathers/sabiki, small metals; eats sprats, sandeels, krill/zooplankton.",Stays near the surface in warm seasons; moves offshore/deeper when cold.,"Stable, settled weather concentrates shoals; heavy swell scatters bait.",Offshore shoals middle depths 20–60 m; trolling and drift feathers.,8,Local bag limits in places; observe pier/harbour rules.,"Local harbour by‑laws; national fisheries sites (e.g., UK IFCA/MMO; Ireland SFPA).",Boat,IUCN: LC (global). North‑East Atlantic stocks fluctuate; follow local advice.,Their zebra stripes act like natural dazzle-camouflage against predators.
Horse Mackerel,"Atlantic, Mediterranean, North Sea",Dusk to night under lights; also at first light.,Low–moderate; harbour tides concentrate plankton.,"Fine sabiki, tiny metals; eats zooplankton, small fish/larvae.",More coastal in mild–warm water; drops deeper in cold.,"Clear, calm nights best; murky water after storms reduces takes.","Harbours, piers, lights; middle depths 5–50 m. (shore accessible range)",7,Few sport rules; size/bag may apply locally.,Port/harbour by‑laws; national fisheries agency.,Shore,IUCN: LC (global). Some regional quotas/size limits.,"Called “scad” in old English; long dismissed, now loved as carapau in Portugal."
Horse Mackerel,"Atlantic, Mediterranean, North Sea",Dusk to night under lights; also at first light.,Low–moderate; harbour tides concentrate plankton.,"Fine sabiki, tiny metals; eats zooplankton, small fish/larvae.",More coastal in mild–warm water; drops deeper in cold.,"Clear, calm nights best; murky water after storms reduces takes.","Harbours, piers, lights; middle depths 5–50 m. (boat marks deeper/offshore)",7,Few sport rules; size/bag may apply locally.,Port/harbour by‑laws; national fisheries agency.,Boat,IUCN: LC (global). Some regional quotas/size limits.,"Called “scad” in old English; long dismissed, now loved as carapau in Portugal."
Common Squid,"Atlantic, Mediterranean","Night with lights; peaks on dusk and first dark, autumn–winter many areas.",Moderate; prefers steady run rather than slack.,"Egi jigs; preys on small fish, prawns.",Most coastal in cool to mild seasons; heat drives them deeper.,Clear water & small swell best; stirred-up water after storms fishes poorly.,From harbour walls to 5–30 m; over sand/weed beds. (shore accessible range),9,Local seasonal closures/limits may apply; respect harbour rules.,"Regional fisheries (e.g., Spain MAPA/CCAA; Italy MIPAAF; Portugal DGRM).",Shore,IUCN: Not evaluated globally; widely fished—local seasons/limits apply.,Sepia ink was used as writing dye in Europe for centuries.
Common Squid,"Atlantic, Mediterranean","Night with lights; peaks on dusk and first dark, autumn–winter many areas.",Moderate; prefers steady run rather than slack.,"Egi jigs; preys on small fish, prawns.",Most coastal in cool to mild seasons; heat drives them deeper.,Clear water & small swell best; stirred-up water after storms fishes poorly.,From harbour walls to 5–30 m; over sand/weed beds. (boat marks deeper/offshore),9,Local seasonal closures/limits may apply; respect harbour rules.,"Regional fisheries (e.g., Spain MAPA/CCAA; Italy MIPAAF; Portugal DGRM).",Boat,IUCN: Not evaluated globally; widely fished—local seasons/limits apply.,Sepia ink was used as writing dye in Europe for centuries.
Conger Eel,"Atlantic, Mediterranean, English Channel",Night; over low‑light periods year‑round.,Low–moderate; prefers steady run around structure.,"Whole fish/squid, fish heads; ambush predator on fish/crustaceans.",Feeds across wide range; slightly better in mild water.,Unfazed by swell; dirty water fine if baits are scented.,"Harbour walls, rocky gullies; 5–30 m.",7,Handling care; some areas limit retention—check local laws.,UK IFCA/MMO; Ireland SFPA; France OFB; Spain MAPA.,Shore,IUCN: LC (global). Slow‑growing; handle and release large breeders where possible.,Britain’s record shore fish is a giant conger—over 130 lb.
Conger Eel,"Atlantic, Mediterranean, English Channel",Night; over low‑light periods year‑round.,Low–moderate; prefers steady run around structure.,"Whole fish/squid, fish heads; ambush predator on fish/crustaceans.",Feeds across wide range; slightly better in mild water.,Unfazed by swell; dirty water fine if baits are scented.,Deep wrecks/reefs 30–100 m.,7,Handling care; some areas limit retention—check local laws.,UK IFCA/MMO; Ireland SFPA; France OFB; Spain MAPA.,Boat,IUCN: LC (global). Slow‑growing; handle and release large breeders where possible.,Britain’s record shore fish is a giant conger—over 130 lb.
Red Mullet,"Mediterranean, Bay of Biscay","Daytime; dawn on calm, clear days.",Moderate; flooding tide over clean sand best.,"Small worms, shrimps; uses barbels to root crustaceans.",Warm‑water preference; summer–autumn peak.,"Settled, clear water ideal; heavy swell suppresses feeding.",Sandy/muddy bays 5–50 m; often close in. (shore accessible range),9,Minimum sizes common; verify locally.,Spain MAPA/CCAA; France OFB; Portugal DGRM.,Shore,IUCN: LC (global). Regional size limits common.,Romans displayed them alive at banquets before serving.
Red Mullet,"Mediterranean, Bay of Biscay","Daytime; dawn on calm, clear days.",Moderate; flooding tide over clean sand best.,"Small worms, shrimps; uses barbels to root crustaceans.",Warm‑water preference; summer–autumn peak.,"Settled, clear water ideal; heavy swell suppresses feeding.",Sandy/muddy bays 5–50 m; often close in. (boat marks deeper/offshore),9,Minimum sizes common; verify locally.,Spain MAPA/CCAA; France OFB; Portugal DGRM.,Boat,IUCN: LC (global). Regional size limits common.,Romans displayed them alive at banquets before serving.
Sea Bream (Dorada),"Mediterranean, Southern Atlantic",Dawn/dusk; warm months. Night over beaches/estuaries.,Strong; mid‑flood around bars/holes excellent.,"Crab, prawn, mussel; cracks shellfish with strong molars.",Prefers ≥15 °C; sluggish in cold snaps.,Light onshore chop good; heavy surf reduces bites.,Beaches/estuaries/rocky reefs; 2–30 m. (shore accessible range),9,Common MLS & bag limits; check local regs.,Spain MAPA/CCAA; Portugal DGRM; Italy MIPAAF.,Shore,IUCN: LC (global). Heavily managed in the Med; observe bag and size limits.,The ‘gilt-head’ name comes from the golden band between the eyes.
Sea Bream (Dorada),"Mediterranean, Southern Atlantic",Dawn/dusk; warm months. Night over beaches/estuaries.,Strong; mid‑flood around bars/holes excellent.,"Crab, prawn, mussel; cracks shellfish with strong molars.",Prefers ≥15 °C; sluggish in cold snaps.,Light onshore chop good; heavy surf reduces bites.,Beaches/estuaries/rocky reefs; 2–30 m. (boat marks deeper/offshore),9,Common MLS & bag limits; check local regs.,Spain MAPA/CCAA; Portugal DGRM; Italy MIPAAF.,Boat,IUCN: LC (global). Heavily managed in the Med; observe bag and size limits.,The ‘gilt-head’ name comes from the golden band between the eyes.
Garfish (Needlefish),"Atlantic, North Sea, Baltic",Daylight & dusk in spring runs; also at night under lights.,Low–moderate; moving surface water helpful.,Small surface lures/float baits; eats sprats/sandeels.,Arrives with warming water in spring–summer.,Calm/clear or slight chop best; big swell poor for floats.,Surface layers 0–5 m; close to piers/headlands. (shore accessible range),6,Few restrictions; sharp beak—handle with care.,National fisheries agency/harbour by‑laws.,Shore,IUCN: LC (global). Few formal restrictions; local rules may apply.,Its bones are green—thanks to bile pigments—spooking diners for ages.
Garfish (Needlefish),"Atlantic, North Sea, Baltic",Daylight & dusk in spring runs; also at night under lights.,Low–moderate; moving surface water helpful.,Small surface lures/float baits; eats sprats/sandeels.,Arrives with warming water in spring–summer.,Calm/clear or slight chop best; big swell poor for floats.,Surface layers 0–5 m; close to piers/headlands. (boat marks deeper/offshore),6,Few restrictions; sharp beak—handle with care.,National fisheries agency/harbour by‑laws.,Boat,IUCN: LC (global). Few formal restrictions; local rules may apply.,Its bones are green—thanks to bile pigments—spooking diners for ages.
Wrasse (various),"Atlantic, North Sea, Mediterranean","Daylight, especially flood tide over kelp/rocks.",Moderate; feeds as crabs/prawns move with tide.,"Crab, prawn, shellfish; picks in kelp/rock crevices.",Best in mild–warm water; lethargic in winter.,Clear water preferable; heavy swell pushes them tight to cover.,Rocky kelp ground 2–20 m; very close to shore. (shore accessible range),6,Conservation measures in some regions (wrasse for aquaculture); many anglers practise C&R.,"Regional conservation/fisheries bodies (e.g., UK IFCAs; Norway Fiskeridirektoratet).",Shore,Generally LC; local protections where used for aquaculture—check regional guidance.,"Norse tales said wrasse nibbled the nails of drowned sailors (grim, but memorable)."
Wrasse (various),"Atlantic, North Sea, Mediterranean","Daylight, especially flood tide over kelp/rocks.",Moderate; feeds as crabs/prawns move with tide.,"Crab, prawn, shellfish; picks in kelp/rock crevices.",Best in mild–warm water; lethargic in winter.,Clear water preferable; heavy swell pushes them tight to cover.,Rocky kelp ground 2–20 m; very close to shore. (boat marks deeper/offshore),6,Conservation measures in some regions (wrasse for aquaculture); many anglers practise C&R.,"Regional conservation/fisheries bodies (e.g., UK IFCAs; Norway Fiskeridirektoratet).",Boat,Generally LC; local protections where used for aquaculture—check regional guidance.,"Norse tales said wrasse nibbled the nails of drowned sailors (grim, but memorable)."
Grey Mullet,"Atlantic, Mediterranean",Evening/dawn; sight‑feeding in daylight on calm days.,Strong in estuaries on flood; when the tide slows right down spotting fish with polarised glasses works.,"Bread, tiny worms, harbour detritus; filter‑grazer.",Best in mild–warm months; cold snaps shut them down.,After rain/run‑off they graze hard in estuaries; strong winds spook shoals.,"Harbours, marinas, surf edges; 0–10 m. (shore accessible range)",7,Local restrictions possible; avoid polluted harbours for consumption.,Municipal/port by‑laws; national fisheries sites.,Shore,IUCN: LC (many species). Urban stocks can be impacted; check local advisories.,"Painted on Egyptian tomb walls—4,000 years of mullet culture."
Grey Mullet,"Atlantic, Mediterranean",Evening/dawn; sight‑feeding in daylight on calm days.,Strong in estuaries on flood; when the tide slows right down spotting fish with polarised glasses works.,"Bread, tiny worms, harbour detritus; filter‑grazer.",Best in mild–warm months; cold snaps shut them down.,After rain/run‑off they graze hard in estuaries; strong winds spook shoals.,"Harbours, marinas, surf edges; 0–10 m. (boat marks deeper/offshore)",7,Local restrictions possible; avoid polluted harbours for consumption.,Municipal/port by‑laws; national fisheries sites.,Boat,IUCN: LC (many species). Urban stocks can be impacted; check local advisories.,"Painted on Egyptian tomb walls—4,000 years of mullet culture."
Cod (Coastal),"North Sea, Baltic, Norwegian waters",Low light and night; autumn–winter inshore peaks.,Strong; running tide over rough ground best.,"Lug/ragworm, squid, crab, fish baits; eats crabs, fish, shellfish.",Cold‑water species; moves deeper when warm.,Settling after storms good; extreme swell makes it hard to fish effectively.,"Shallow rough ground 5–20 m from beaches, piers, rocks.",9,"Closed areas/seasons and MLS common, especially Baltic—check locally.",Norway Fiskeridirektoratet; Denmark/Sweden agencies; UK IFCA/MMO.,Shore,IUCN: VU (global). Many areas have strong restrictions/closures—check locally.,Medieval Europe ran on dried cod (stockfish) traded by the Hanseatic League.
Cod (Coastal),"North Sea, Baltic, Norwegian waters",Low light and night; autumn–winter inshore peaks.,Strong; running tide over rough ground best.,"Lug/ragworm, squid, crab, fish baits; eats crabs, fish, shellfish.",Cold‑water species; moves deeper when warm.,Settling after storms good; extreme swell makes it hard to fish effectively.,Deeper rough ground and wrecks 20–60 m.,9,"Closed areas/seasons and MLS common, especially Baltic—check locally.",Norway Fiskeridirektoratet; Denmark/Sweden agencies; UK IFCA/MMO.,Boat,IUCN: VU (global). Many areas have strong restrictions/closures—check locally.,Medieval Europe ran on dried cod (stockfish) traded by the Hanseatic League.
Whiting,"North Sea, Atlantic",Night & low‑light; peaks in colder months inshore.,Moderate–strong; likes run over sand/mixed ground.,"Small strips of mackerel/squid, worms; eats shrimp/small fish.",Cool‑water oriented; less activity in heat.,Best in settled or light chop; heavy surf scatters shoals.,Inshore 5–50 m over sand/mixed. (shore accessible range),7,MLS and bag rules vary—verify locally.,"National fisheries websites (e.g., UK IFCA/MMO; Ireland SFPA).",Shore,IUCN: LC (global). Regional management applies.,Victorian cooks dubbed it the “chicken of the sea.”
Whiting,"North Sea, Atlantic",Night & low‑light; peaks in colder months inshore.,Moderate–strong; likes run over sand/mixed ground.,"Small strips of mackerel/squid, worms; eats shrimp/small fish.",Cool‑water oriented; less activity in heat.,Best in settled or light chop; heavy surf scatters shoals.,Inshore 5–50 m over sand/mixed. (boat marks deeper/offshore),7,MLS and bag rules vary—verify locally.,"National fisheries websites (e.g., UK IFCA/MMO; Ireland SFPA).",Boat,IUCN: LC (global). Regional management applies.,Victorian cooks dubbed it the “chicken of the sea.”
Saithe/Pollock,"North Sea, Norwegian waters",Dawn/dusk; overcast days with lures.,Moderate; hunts on current edges around structure.,"Metals, soft plastics, sandeel/mackerel strip; eats small fish.",Active in cool–mild water; heat or deep winter slows.,Clear water with some movement ideal; big swell pushes them deeper.,"Kelp fringes, reefs, wrecks 5–80 m. (shore accessible range)",8,Local size/bag rules; some areas encourage releasing larger breeders.,Norway Fiskeridirektoratet; UK/NL/DE national agencies.,Shore,IUCN: LC (global). Healthy in many northern areas; size/bag limits vary.,Sold as ‘Seelachs’ in Germany—‘sea salmon’ despite zero salmon DNA.
Saithe/Pollock,"North Sea, Norwegian waters",Dawn/dusk; overcast days with lures.,Moderate; hunts on current edges around structure.,"Metals, soft plastics, sandeel/mackerel strip; eats small fish.",Active in cool–mild water; heat or deep winter slows.,Clear water with some movement ideal; big swell pushes them deeper.,"Kelp fringes, reefs, wrecks 5–80 m. (boat marks deeper/offshore)",8,Local size/bag rules; some areas encourage releasing larger breeders.,Norway Fiskeridirektoratet; UK/NL/DE national agencies.,Boat,IUCN: LC (global). Healthy in many northern areas; size/bag limits vary.,Sold as ‘Seelachs’ in Germany—‘sea salmon’ despite zero salmon DNA.
Flounder,"North Sea, Baltic, Atlantic",Dusk/night and daylight in murky water; autumn–winter strong.,Strong in estuaries/beaches; mid‑flood best.,"Worms, shrimp, small crab; opportunistic scavenger.",Tolerant; feeds in cold but slower in extremes.,Coloured water and gentle surf good; heavy weed/swell poor.,Very close in on sand/mud; 0–20 m (estuaries to open beaches). (shore accessible range),7,Local MLS/seasonal protections in some estuaries—verify.,Baltic/North Sea national agencies; UK IFCA/MMO.,Shore,IUCN: LC (global). Estuary protections in some regions.,Can live in nearly fresh water and wander far upriver.
Flounder,"North Sea, Baltic, Atlantic",Dusk/night and daylight in murky water; autumn–winter strong.,Strong in estuaries/beaches; mid‑flood best.,"Worms, shrimp, small crab; opportunistic scavenger.",Tolerant; feeds in cold but slower in extremes.,Coloured water and gentle surf good; heavy weed/swell poor.,Very close in on sand/mud; 0–20 m (estuaries to open beaches). (boat marks deeper/offshore),7,Local MLS/seasonal protections in some estuaries—verify.,Baltic/North Sea national agencies; UK IFCA/MMO.,Boat,IUCN: LC (global). Estuary protections in some regions.,Can live in nearly fresh water and wander far upriver.
Sardine,"Atlantic, Mediterranean",𐄳 (Bait fish) Night under lights; dawn when bait shoals push in.,Low; moving water helps schooling behaviour.,Tiny sabiki; plankton feeder.,Warmer‑water coastal; moves offshore in cold.,Settled weather aggregates shoals; storms disperse.,Surface–midwater 0–40 m near ports/bays. (shore accessible range),8,Commercial controls common; recreational limits vary—check locally. Primarily a bait species; check local rules on gathering/using live/fresh bait.,Spain/Portugal DGRM/MAPA; France OFB.,Shore,IUCN: LC (global). Some regional stock variability; heed local limits.,Likely gave its name to Sardinia—historic hotbed of sardine fishing.
Sardine,"Atlantic, Mediterranean",𐄳 (Bait fish) Night under lights; dawn when bait shoals push in.,Low; moving water helps schooling behaviour.,Tiny sabiki; plankton feeder.,Warmer‑water coastal; moves offshore in cold.,Settled weather aggregates shoals; storms disperse.,Surface–midwater 0–40 m near ports/bays. (boat marks deeper/offshore),8,Commercial controls common; recreational limits vary—check locally. Primarily a bait species; check local rules on gathering/using live/fresh bait.,Spain/Portugal DGRM/MAPA; France OFB.,Boat,IUCN: LC (global). Some regional stock variability; heed local limits.,Likely gave its name to Sardinia—historic hotbed of sardine fishing.
Herring,"North Sea, Baltic, Atlantic",𐄳 (Bait fish) Dusk/night; winter–spring runs in many areas.,Low–moderate; currents concentrate schools.,Sabiki/small spoons; plankton/small fish.,Cool‑water; seasonal coastal runs.,Calm or slight chop best; heavy swell pushes deeper.,Mid‑water shoals 5–80 m; piers to offshore banks. (shore accessible range),9,Closed seasons/areas common—verify before fishing. Primarily a bait species; check local rules on gathering/using live/fresh bait.,Baltic/North Sea national agencies.,Shore,IUCN: LC (global). Highly managed with seasonal closures in many areas.,The ‘silver darlings’ once powered whole coastal economies.
Herring,"North Sea, Baltic, Atlantic",𐄳 (Bait fish) Dusk/night; winter–spring runs in many areas.,Low–moderate; currents concentrate schools.,Sabiki/small spoons; plankton/small fish.,Cool‑water; seasonal coastal runs.,Calm or slight chop best; heavy swell pushes deeper.,Mid‑water shoals 5–80 m; piers to offshore banks. (boat marks deeper/offshore),9,Closed seasons/areas common—verify before fishing. Primarily a bait species; check local rules on gathering/using live/fresh bait.,Baltic/North Sea national agencies.,Boat,IUCN: LC (global). Highly managed with seasonal closures in many areas.,The ‘silver darlings’ once powered whole coastal economies.
Sprat,"Baltic, North Sea",𐄳 (Bait fish) Night under lights; winter harbours.,Low; congregates where plankton concentrates.,Very fine sabiki; plankton feeder.,Prefers cool waters; winter inshore.,"Calm, clear nights best; storm murky water disperses.",Surface shoals 0–30 m in bays/ports. (shore accessible range),7,Often regulated with seasonal closures—check locally. Primarily a bait species; check local rules on gathering/using live/fresh bait.,Baltic national agencies; port by‑laws.,Shore,IUCN: LC (global). Seasonal/area closures occur—check locally.,Gave rise to the phrase ‘a sprat to catch a mackerel.’
Sprat,"Baltic, North Sea",𐄳 (Bait fish) Night under lights; winter harbours.,Low; congregates where plankton concentrates.,Very fine sabiki; plankton feeder.,Prefers cool waters; winter inshore.,"Calm, clear nights best; storm murky water disperses.",Surface shoals 0–30 m in bays/ports. (boat marks deeper/offshore),7,Often regulated with seasonal closures—check locally. Primarily a bait species; check local rules on gathering/using live/fresh bait.,Baltic national agencies; port by‑laws.,Boat,IUCN: LC (global). Seasonal/area closures occur—check locally.,Gave rise to the phrase ‘a sprat to catch a mackerel.’
John Dory,"Atlantic, Mediterranean",Daytime; dawn on reefs/wrecks.,Low–moderate; ambushes around current seams.,Livebaits/squid; predator on small fish.,Best in mild–warm settled periods.,Prefers calm/clear; big swell drives deeper/off the mark.,Reefs/wrecks 20–150 m; occasional inshore. (shore accessible range),9,Commercial species; recreational MLS/bag may apply.,"National marine fisheries (e.g., France OFB; Spain MAPA).",Shore,IUCN: LC (global). Often taken as bycatch; local MLS may apply.,Folklore says St Peter’s thumbprint marks its side.
John Dory,"Atlantic, Mediterranean",Daytime; dawn on reefs/wrecks.,Low–moderate; ambushes around current seams.,Livebaits/squid; predator on small fish.,Best in mild–warm settled periods.,Prefers calm/clear; big swell drives deeper/off the mark.,Reefs/wrecks 20–150 m; occasional inshore. (boat marks deeper/offshore),9,Commercial species; recreational MLS/bag may apply.,"National marine fisheries (e.g., France OFB; Spain MAPA).",Boat,IUCN: LC (global). Often taken as bycatch; local MLS may apply.,Folklore says St Peter’s thumbprint marks its side.
Turbot (Small),"North Sea, Atlantic",Dawn/dusk drifts over sandbanks.,Moderate; moving water over drop-offs and sandbanks best.,"Whole sandeel, fish strips; ambush predator.",Active spring–autumn; slows in very cold water.,Slight chop good; heavy surf buries baits.,Sandbanks 10–70 m; often just off beaches. (shore accessible range),10,Strict MLS & protections—release undersized (‘small’) fish.,North Sea national agencies; UK IFCA/MMO; NL/DE authorities.,Shore,IUCN: LC (global). Strict MLS and protections; release undersized fish.,A royal favourite—Vikings even paid tribute in turbot.
Turbot (Small),"North Sea, Atlantic",Dawn/dusk drifts over sandbanks.,Moderate; moving water over drop-offs and sandbanks best.,"Whole sandeel, fish strips; ambush predator.",Active spring–autumn; slows in very cold water.,Slight chop good; heavy surf buries baits.,Sandbanks 10–70 m; often just off beaches. (boat marks deeper/offshore),10,Strict MLS & protections—release undersized (‘small’) fish.,North Sea national agencies; UK IFCA/MMO; NL/DE authorities.,Boat,IUCN: LC (global). Strict MLS and protections; release undersized fish.,A royal favourite—Vikings even paid tribute in turbot.
Sea Trout,"Atlantic, North Sea, Baltic","Dawn/dusk; at night in clear, calm conditions; spring/autumn coastal runs.",Moderate; moving water around points/bars best.,"Spinners, spoons, flies (sandeel, shrimp patterns); eats sandeels/shrimps.",Cool–mild water best (5–14 °C); hot bright days are tough.,Overcast with light onshore breeze ideal; after storm a settling day fishes well.,"Very close to surf edges, drop‑offs, river mouths; 0–3 m.",9,"Highly regulated: seasons, bag limits, river/coastal distinctions—check carefully.","Baltic/Nordic agencies (e.g., Denmark, Sweden), UK/IE fisheries bodies.",Shore,IUCN: LC (species). Wild runs locally vulnerable—check river/sea‑area rules.,"Irish lore calls it the ‘white trout’, an enchanted salmon."
Sea Trout,"Atlantic, North Sea, Baltic","Dawn/dusk; at night in clear, calm conditions; spring/autumn coastal runs.",Moderate; moving water around points/bars best.,"Spinners, spoons, flies (sandeel, shrimp patterns); eats sandeels/shrimps.",Cool–mild water best (5–14 °C); hot bright days are tough.,Overcast with light onshore breeze ideal; after storm a settling day fishes well.,Less targeted by boat; trolling near shorelines 3–10 m depth.,9,"Highly regulated: seasons, bag limits, river/coastal distinctions—check carefully.","Baltic/Nordic agencies (e.g., Denmark, Sweden), UK/IE fisheries bodies.",Boat,IUCN: LC (species). Wild runs locally vulnerable—check river/sea‑area rules.,"Irish lore calls it the ‘white trout’, an enchanted salmon."
Pollack,"Atlantic, North Sea",Dawn/dusk; overcast days with lures,Moderate; works tide races around reefs/wrecks,"Artificial lures (soft plastics, metals), sandeel, mackerel strip",Active in mild water; slows in extreme cold/heat,Clear settled seas with some tidal run; poor in turbid storm water,"Kelp beds, reefs 5–30m close to rocks",8,MLS ~30cm+ locally; check rules,National fisheries agencies,Shore,IUCN: LC (global). Inshore stocks pressured in some regions; consider releasing big fish.,Can hang so tight to kelp that divers mistake them for shadows.
Pollack,"Atlantic, North Sea",Dawn/dusk; overcast days with lures,Moderate; works tide races around wrecks and reefs,"Artificial lures, fish strips; predatory",Active in mild water; slows in extreme cold/heat,Clear settled seas; turbid storm water reduces success,Wrecks and offshore reefs 20–100m,8,MLS ~30cm+ locally; check rules,National fisheries agencies,Boat,IUCN: LC (global). Inshore stocks pressured in some regions; consider releasing big fish.,Can hang so tight to kelp that divers mistake them for shadows.
Plaice,"Atlantic, North Sea",Daylight,Better on flooding tide,"Worms, clams, mussels; bottom grazer",Mild/cool best; sluggish in cold winter,Clear calm seas favour sight feeding,"Beaches and estuaries, 2–10m",8,MLS 27cm in UK/Europe; seasonal closures,National fisheries agencies,Shore,IUCN: LC (global). Regionally managed; observe size/season rules.,Those orange spots? Likely a fashion statement: they help camouflage on speckled sand.
Plaice,"Atlantic, North Sea",Daylight,Better on flooding tide,"Worms, clams, mussels; bottom grazer",Mild/cool best; sluggish in cold winter,Clear calm seas favour sight feeding,Drifting over offshore banks 10–40m,8,MLS 27cm in UK/Europe; seasonal closures,National fisheries agencies,Boat,IUCN: LC (global). Regionally managed; observe size/season rules.,Those orange spots? Likely a fashion statement: they help camouflage on speckled sand.
Dab,"Atlantic, North Sea",Daylight,Moderate tidal influence,"Small worms, shrimps; bottom feeder","Tolerant to cold, feeds year-round",Less impacted by rough seas than other flatfish,"Beaches, piers, sandy ground 2–20m",6,"No major restrictions; often small, returned",National fisheries agencies,Shore,IUCN: LC (global). Widespread; often small—return undersized.,Often the most abundant flatfish—Victorians sold ‘dab pie’ by the slice.
Dab,"Atlantic, North Sea",Daylight,Moderate tidal influence,"Small worms, shrimps; bottom feeder","Tolerant to cold, feeds year-round",Less impacted by rough seas than other flatfish,Soft muddy seabeds 20–40m,6,"No major restrictions; often small, returned",National fisheries agencies,Boat,IUCN: LC (global). Widespread; often small—return undersized.,Often the most abundant flatfish—Victorians sold ‘dab pie’ by the slice.
Dover Sole,"Atlantic, North Sea",Night/dusk,Strong on flooding tide,"Worms, ragworm, small crab; bottom-feeder",Prefers warmer summer/autumn; winter slow,Settled calm seas best,"Sandy beaches, shallow mud 2–15m",9,MLS 24cm+; quotas apply,National fisheries agencies,Shore,IUCN: LC (global). Managed with size/season/gear rules.,Famous for delicate flavour; the ‘Dover’ tag comes from the port that shipped them to London fresh.
Dover Sole,"Atlantic, North Sea",Night/dusk,Strong on flooding tide,"Worms, ragworm, small crab; bottom-feeder",Prefers warmer summer/autumn; winter slow,Settled calm seas best,Drifting soft grounds 20–40m,9,MLS 24cm+; quotas apply,National fisheries agencies,Boat,IUCN: LC (global). Managed with size/season/gear rules.,Famous for delicate flavour; the ‘Dover’ tag comes from the port that shipped them to London fresh.
Thornback Ray,"Atlantic, North Sea",Dusk/night with moving tide,Strong tidal run improves feeding,"Whole squid, mackerel, sandeel; small fish/crustaceans",Prefers mild–warm water; sluggish in cold,Feeds well after mild storms stirring prey,Sandy bays 5–20m,8,Size/bag restrictions in some countries,National fisheries agencies,Shore,IUCN: NT or LC region‑dependent. Slow‑growing—support release schemes.,Males ‘drum’ with their spiracles—underwater love songs.
Thornback Ray,"Atlantic, North Sea",Dusk/night with moving tide,Strong tidal run improves feeding,"Whole squid, mackerel, sandeel; small fish/crustaceans",Prefers mild–warm water; sluggish in cold,Feeds well after mild storms stirring prey,Deeper sands/channels 20–60m,8,Size/bag restrictions in some countries,National fisheries agencies,Boat,IUCN: NT or LC region‑dependent. Slow‑growing—support release schemes.,Males ‘drum’ with their spiracles—underwater love songs.
Small-spotted Catshark,"Atlantic, North Sea",Night,Not tide sensitive,Smelly fish/squid baits; scavenger,Active in wide temp range,Feeds happily in coloured post-storm water,"Surf beaches, estuaries 5–20m",6,Generally no restrictions; often released,National fisheries agencies,Shore,IUCN: LC (global). Common locally; many anglers release.,Can rest in piles like sleepy puppies under ledges.
Small-spotted Catshark,"Atlantic, North Sea",Night,Not tide sensitive,Smelly fish/squid baits; scavenger,Active in wide temp range,Feeds happily in coloured post-storm water,Sandy/mud seabeds 20–100m,6,Generally no restrictions; often released,National fisheries agencies,Boat,IUCN: LC (global). Common locally; many anglers release.,Can rest in piles like sleepy puppies under ledges.
Gilthead Seabream,"Mediterranean, Southern Atlantic",Dawn/dusk; warm months,Strong on flooding tide,"Crabs, prawns, mussels; crushes shellfish with molars",Likes ≥15°C; sluggish in cold,Light onshore chop good; too much surf bad,"Estuaries, harbours 2–10m",9,MLS ~20–23cm+; bag limits in Med countries,Regional Med fisheries agencies,Shore,IUCN: LC (global). Aquaculture common; wild stocks locally managed.,Farmed widely in the Med since the 1980s boom in aquaculture.
Gilthead Seabream,"Mediterranean, Southern Atlantic",Dawn/dusk; warm months,Strong on flooding tide,"Crabs, prawns, mussels; crushes shellfish with molars",Likes ≥15°C; sluggish in cold,Light onshore chop good; too much surf bad,"Reefs, sandy bays 10–30m",9,MLS ~20–23cm+; bag limits in Med countries,Regional Med fisheries agencies,Boat,IUCN: LC (global). Aquaculture common; wild stocks locally managed.,Farmed widely in the Med since the 1980s boom in aquaculture.
Red Seabream,"Mediterranean, Southern Atlantic",Daytime,Moderate tide influence,"Crabs, shellfish, squid; powerful jawed feeder",Prefers warmer Med/Atlantic waters,Clear settled seas best,Deep rocky reefs 20–100m,9,Size/bag restrictions vary,Regional Med fisheries agencies,Boat,IUCN: LC (global). Regional declines noted; follow bag/size rules.,"In Spain it’s ‘besugo’, a Christmas feast fish in some regions."
Black Seabream,"Mediterranean, Atlantic",Dawn/daylight,Moderate; likes flowing water,"Shellfish, worms, squid; omnivore",Prefers mild–warm; spawns spring inshore,Feeds in calm/light chop,"Piers, rocky ground 5–15m",8,Spawning aggregations protected,Regional Med fisheries agencies,Shore,IUCN: LC (global). Spawning aggregations sensitive—respect protections.,Form big spring spawning shoals—hence seasonal protections.
Black Seabream,"Mediterranean, Atlantic",Dawn/daylight,Moderate; likes flowing water,"Shellfish, worms, squid; omnivore",Prefers mild–warm; spawns spring inshore,Feeds in calm/light chop,"Reefs, wrecks 20–50m",8,Spawning aggregations protected,Regional Med fisheries agencies,Boat,IUCN: LC (global). Spawning aggregations sensitive—respect protections.,Form big spring spawning shoals—hence seasonal protections.
Dentex,Mediterranean,Daytime,Moderate tidal effect,"Live fish, squid; predatory",Active in warm Med summers,Best in clear calm seas,Deep rocky reefs 20–100m,9,Strict MLS ~30–35cm; local protections,Regional Med fisheries agencies,Boat,IUCN: LC (global). Large breeding fish important—consider release.,Mediterranean spearfishers whisper about its legendary wariness.
Flathead Grey Mullet,"Atlantic, Mediterranean",Dawn/evening; calm days,Strong in estuaries on flooding tide,"Bread, algae, harbour detritus; filter feeder",Best in mild–warm months; cold snaps shut down,After rain in estuaries good; spooked by wind/boat noise,"Harbours, estuaries, surf zones 0–10m",7,Often no EU MLS; local rules apply,National fisheries agencies,Shore,IUCN: LC (global). Estuary water quality can affect stocks.,"Despite humble looks, prized as ‘mugil’ bottarga (cured roe) in the Med."
Tub Gurnard,"Atlantic, Mediterranean",Daytime,Moderate; over sandy/mixed ground,"Small fish, shrimp, crab; hunts on seabed",Feeds in warmer seas; less in cold winters,Feeds well in moderate chop,Shallows 5–15m,7,MLS varies; often kept for food,National fisheries agencies,Shore,IUCN: LC (global). Generally stable; check local MLS.,‘Walks’ the seabed on fin rays while drumming audibly—a noisy neighbour.
Tub Gurnard,"Atlantic, Mediterranean",Daytime,Moderate; over sandy/mixed ground,"Small fish, shrimp, crab; hunts on seabed",Feeds in warmer seas; less in cold winters,Feeds well in moderate chop,Boat drifts 20–60m over sand/mud,7,MLS varies; often kept for food,National fisheries agencies,Boat,IUCN: LC (global). Generally stable; check local MLS.,‘Walks’ the seabed on fin rays while drumming audibly—a noisy neighbour.
Haddock,"North Sea, North Atlantic",Daylight and dusk; autumn–spring are strongest inshore.,Moderate; likes a steady run over clean-to-mixed ground.,"Worm baits, clam/mussel, small fish or squid strips; pecks shellfish and small invertebrates.",Prefers cool water; pushes deeper in summer warm spells.,A settling sea after wind is ideal; heavy swell makes it hard to fish effectively.,Open sandy/mixed ground from beaches and piers 5–30 m; offshore banks and marks 30–100 m.,9,Minimum sizes and bag/area rules vary by country—check locally before retaining fish.,UK IFCA/MMO; Norway/Denmark/Netherlands national agencies.,Shore,IUCN: LC (global). North Sea stock managed; follow local retention rules.,The dark ‘Devil’s thumbprint’ mark is a fishy folk tale classic.
Haddock,"North Sea, North Atlantic",Daylight and dusk; autumn–spring are strongest inshore.,Moderate; likes a steady run over clean-to-mixed ground.,"Worm baits, clam/mussel, small fish or squid strips; pecks shellfish and small invertebrates.",Prefers cool water; pushes deeper in summer warm spells.,A settling sea after wind is ideal; heavy swell makes it hard to fish effectively.,Drifts over sandbanks and mixed ground 30–120 m; downtiding at anchor also works.,9,Minimum sizes and bag/area rules vary by country—check locally before retaining fish.,UK IFCA/MMO; Norway/Denmark/Netherlands national agencies.,Boat,IUCN: LC (global). North Sea stock managed; follow local retention rules.,The dark ‘Devil’s thumbprint’ mark is a fishy folk tale classic.
Saithe (Pollachius virens),"North Sea, Norwegian waters, North Atlantic",Dawn/dusk; overcast days fish well with lures.,Moderate; hunts on current edges around structure.,"Metal jigs, shads, sandeel/mackerel strip; chases small fish tightly packed.",Active in cool–mild water; very warm or very cold spells slow them.,Clear water with some movement is ideal; big swell pushes them deeper.,Kelp fringes and rock pins accessible from shore 5–20 m; harbour mouths and headlands.,8,Local size/bag rules vary; many anglers release larger breeders.,Norway Fiskeridirektoratet; UK/NL/DE national agencies.,Shore,IUCN: LC (global). Generally healthy in the NE Atlantic; observe local limits.,Nickname ‘coal-fish’ for its dark back; youngsters can glow faintly in plankton at night.
Saithe (Pollachius virens),"North Sea, Norwegian waters, North Atlantic",Dawn/dusk; overcast days fish well with lures.,Moderate; hunts on current edges around structure.,"Metal jigs, shads, sandeel/mackerel strip; chases small fish tightly packed.",Active in cool–mild water; very warm or very cold spells slow them.,Clear water with some movement is ideal; big swell pushes them deeper.,Deep reefs and wrecks 20–120 m; vertical jigging or long casts down-tide.,8,Local size/bag rules vary; many anglers release larger breeders.,Norway Fiskeridirektoratet; UK/NL/DE national agencies.,Boat,IUCN: LC (global). Generally healthy in the NE Atlantic; observe local limits.,Nickname ‘coal-fish’ for its dark back; youngsters can glow faintly in plankton at night.
Common Ling,"North Atlantic, North Sea, Norwegian waters",Dusk and dark; year-round over rough ground.,Moderate; prefers steady flow around wrecks and ledges.,"Large fish baits, squid, cuttle; scavenger-predator among rocks and wrecks.",Cold-tolerant; deep marks fish consistently regardless of season.,Big groundswell can shut down shallow rough ground; deep marks keep producing.,From deep rock ledges within casting reach to wrecks 50–200 m.,8,Use strong tackle and safe handling; local size/bag rules may apply.,Norway Fiskeridirektoratet; UK/NL national agencies.,Shore,IUCN: LC (global). Slow‑growing; release big breeders where possible.,Dried ling skin was used as tough boot leather in medieval Europe.
Common Ling,"North Atlantic, North Sea, Norwegian waters",Dusk and dark; year-round over rough ground.,Moderate; prefers steady flow around wrecks and ledges.,"Large fish baits, squid, cuttle; scavenger-predator among rocks and wrecks.",Cold-tolerant; deep marks fish consistently regardless of season.,Big groundswell can shut down shallow rough ground; deep marks keep producing.,"Wrecks, pinnacles and heavy reef 80–300 m; big baits on strong gear.",8,Use strong tackle and safe handling; local size/bag rules may apply.,Norway Fiskeridirektoratet; UK/NL national agencies.,Boat,IUCN: LC (global). Slow‑growing; release big breeders where possible.,Dried ling skin was used as tough boot leather in medieval Europe.
Ballan Wrasse,"Atlantic, North Sea (west), Mediterranean fringe","Daylight, especially on a flooding tide.",Moderate; feeds as crabs and prawns shuffle with the tide.,"Crab, prawn, shellfish; raids crevices and kelp fronds.",Best in mild–warm months; sluggish in winter.,Clear water is easier; swell pushes them tight to cover.,"Rocky headlands and kelp gullies right under your feet, 2–15 m.",5,Conservation measures in some areas (wrasse for aquaculture); many anglers practise catch & release.,"Regional conservation/fisheries bodies (e.g., UK IFCAs; Norway Fiskeridirektoratet).",Shore,IUCN: LC (global). Local protections where used as cleaner fish—check rules.,Modern day ‘cleaner fish’ that picks parasites off farmed salmon.
Cuckoo Wrasse,"North Atlantic, North Sea (west)",Daylight; over broken ground with kelp and boulders.,Moderate; works best with some run.,Small crab and prawn baits; also takes small lures.,Active in mild–warm months; slows in winter.,Clearer seas help; big swell tucks them into holes.,Rocky points and reefs in 5–25 m; piers with kelp beds can hold them.,6,Local protections possible; bright colours make them popular for photos—handle gently.,Regional conservation/fisheries bodies; national agencies.,Shore,IUCN: LC (global). Brightly coloured—handle carefully; local protections possible.,Males turn electric blue and orange in breeding season—flashy!
Greater Amberjack,"Mediterranean, Southern Atlantic (Iberia)",Dawn and late afternoon; summer into autumn.,Moderate; hunts along current seams around structure.,"Livebaits (mackerel, bogue), big stickbaits and jigs; apex predator on small fish.",Loves warm water; quiet during cold spells.,"Settled, clear seas favour topwater and livebaiting; lumpy seas push fish deeper.",Rocky headlands and harbour mouths from shore when bait is in; offshore reefs/pins 20–80 m.,8,Size/bag rules vary by country; release big breeders where encouraged.,Spain MAPA/CCAA; Italy MIPAAF; Portugal DGRM.,Shore,IUCN: LC (global). Highly prized; size/bag limits vary by country.,Name nods to the glowing amber stripe along its flank.
Greater Amberjack,"Mediterranean, Southern Atlantic (Iberia)",Dawn and late afternoon; summer into autumn.,Moderate; hunts along current seams around structure.,"Livebaits (mackerel, bogue), big stickbaits and jigs; apex predator on small fish.",Loves warm water; quiet during cold spells.,"Settled, clear seas favour topwater and livebaiting; lumpy seas push fish deeper.","Offshore reefs, wrecks and pinnacles 20–150 m; slow-troll or jig.",8,Size/bag rules vary by country; release big breeders where encouraged.,Spain MAPA/CCAA; Italy MIPAAF; Portugal DGRM.,Boat,IUCN: LC (global). Highly prized; size/bag limits vary by country.,Name nods to the glowing amber stripe along its flank.
Parrotfish,Mediterranean (eastern and subtropical pockets),"Daylight; calm, clear days.",Low–moderate; mooches around weedy rocks.,"Shellfish, prawns, small crabs; scrapes algae and grazes.",Heat-lover; most active in summer.,"Best in calm, clear water; swell hides them in crevices.",Shallow rocky coves and jetties 1–10 m—right where you can see them.,7,Local protections in some regions; check rules if planning to retain.,Regional Med fisheries agencies.,Shore,IUCN: LC (regional Mediterranean species). Check local protections.,Their ground-up coral ‘sand’ literally helps build beaches.
Common Octopus,"Atlantic (Iberia), Mediterranean",Night and low light; autumn–winter peaks in many areas.,Low–moderate; prefers gentle movement around rocky ground.,"Egi-style octopus jigs, fish/squid baits; hunts crabs, shellfish and small fish.",Prefers mild–warm seasons inshore; cold pushes them deeper.,Clear water and light swell help; stirred-up water after storms fishes poorly.,"Breakwaters, harbour walls and rough patches 2–20 m—classic pier target at night.",9,Local seasons/limits and gear rules apply; pots/traps regulated in many regions.,Spain MAPA/CCAA; Portugal DGRM; Italy MIPAAF.,Shore,IUCN: LC (global). Seasonal limits and gear rules are common—check locally.,Clever escape artists—can unscrew jars and walk briefly on land.
Common Octopus,"Atlantic (Iberia), Mediterranean",Night and low light; autumn–winter peaks in many areas.,Low–moderate; prefers gentle movement around rocky ground.,"Egi-style octopus jigs, fish/squid baits; hunts crabs, shellfish and small fish.",Prefers mild–warm seasons inshore; cold pushes them deeper.,Clear water and light swell help; stirred-up water after storms fishes poorly.,Reefs and rough ground 10–40 m; slow-drift jigs over boulders and weed.,9,Local seasons/limits and gear rules apply; pots/traps regulated in many regions.,Spain MAPA/CCAA; Portugal DGRM; Italy MIPAAF.,Boat,IUCN: LC (global). Seasonal limits and gear rules are common—check locally.,Clever escape artists—can unscrew jars and walk briefly on land.
Common Cuttlefish,"Atlantic (Iberia/France/UK), Mediterranean",Night with lights; spring runs in many ports.,Low–moderate; likes a steady drift.,Squid/cuttle jigs; also takes small fish and prawns.,Most coastal in mild seasons; heat drives them out deeper.,Clear water and small swell are best; stirred-up water after storms fishes poorly.,"Harbour walls, marinas and sandy patches 2–15 m—classic pier species.",9,Seasonal protections common; respect harbour rules and night-fishing by-laws.,Regional fisheries (Spain MAPA/CCAA; France OFB; Italy MIPAAF; Portugal DGRM).,Shore,IUCN: LC (global). Seasonal protections frequent around ports/estuaries.,Sepia ink gets its name from cuttlefish; artists loved the tone.
Common Cuttlefish,"Atlantic (Iberia/France/UK), Mediterranean",Night with lights; spring runs in many ports.,Low–moderate; likes a steady drift.,Squid/cuttle jigs; also takes small fish and prawns.,Most coastal in mild seasons; heat drives them out deeper.,Clear water and small swell are best; stirred-up water after storms fishes poorly.,Sandy bays and reefs 10–40 m; gentle drifts over weed/sand edges.,9,Seasonal protections common; respect harbour rules and night-fishing by-laws.,Regional fisheries (Spain MAPA/CCAA; France OFB; Italy MIPAAF; Portugal DGRM).,Boat,IUCN: LC (global). Seasonal protections frequent around ports/estuaries.,Sepia ink gets its name from cuttlefish; artists loved the tone.
Spotted Bass,"Mediterranean, Atlantic Iberia",Dawn/dusk; warm months and at night over quiet beaches.,Moderate–strong; loves a push of tide around bars and holes.,"Crabs, prawns, mussels, sandeel and small fish; takes small lures readily.",More active from ~15 °C upwards; sluggish in cold snaps.,Light onshore chop is friendly; heavy surf knocks them off the feed.,"Small surf beaches, estuary mouths and rocky points 1–10 m.",8,Often shares protections with European sea bass—check local rules.,Spain MAPA/CCAA; Portugal DGRM; France OFB.,Shore,IUCN: LC (global). Often shares protections with European sea bass.,Easily mistaken for young sea bass—spot pattern gives it away.
Spotted Bass,"Mediterranean, Atlantic Iberia",Dawn/dusk; warm months and at night over quiet beaches.,Moderate–strong; loves a push of tide around bars and holes.,"Crabs, prawns, mussels, sandeel and small fish; takes small lures readily.",More active from ~15 °C upwards; sluggish in cold snaps.,Light onshore chop is friendly; heavy surf knocks them off the feed.,Reefs and inshore banks 5–25 m; light-boat lure fishing shines.,8,Often shares protections with European sea bass—check local rules.,Spain MAPA/CCAA; Portugal DGRM; France OFB.,Boat,IUCN: LC (global). Often shares protections with European sea bass.,Easily mistaken for young sea bass—spot pattern gives it away.
Little Tunny,"Mediterranean, Atlantic Iberia",First light and late afternoon; active whenever bait showers on the surface.,Low–moderate; current lines help concentrate baitfish.,"Fast metals, casting jigs, stickbaits; blitzes anchovy/sardine/sprat shoals.",Loves warm water; pushes south/deeper when it cools.,Settled conditions show surface feeds; wind pushes action into current seams.,"Headlands, harbour mouths and nearshore rips from shore; offshore feeding lanes by boat.",7,Pay attention to tuna/large pelagic regulations; some areas require release or logbooks.,Spain MAPA/CCAA; Italy MIPAAF; Portugal DGRM.,Shore,IUCN: LC (global). Pelagic rules apply; some areas require release/logbooks.,Anglers sometimes kept its marbled stomach lining as lucky charms.
Little Tunny,"Mediterranean, Atlantic Iberia",First light and late afternoon; active whenever bait showers on the surface.,Low–moderate; current lines help concentrate baitfish.,"Fast metals, casting jigs, stickbaits; blitzes anchovy/sardine/sprat shoals.",Loves warm water; pushes south/deeper when it cools.,Settled conditions show surface feeds; wind pushes action into current seams.,Nearshore to offshore rips and temperature breaks; troll or run-and-gun where birds work.,7,Pay attention to tuna/large pelagic regulations; some areas require release or logbooks.,Spain MAPA/CCAA; Italy MIPAAF; Portugal DGRM.,Boat,IUCN: LC (global). Pelagic rules apply; some areas require release/logbooks.,Anglers sometimes kept its marbled stomach lining as lucky charms.
Brill,"North Sea, North Atlantic",Dawn/dusk drifts over sandbanks and edges.,Moderate; moving water over drop-offs and sandbanks fishes best.,"Whole sandeel, fish strips; ambush predator on clean ground.",Best spring–autumn; slows in very cold water.,A slight chop is fine; heavy surf buries baits.,Clean sand and shell 5–40 m from beaches and boats.,9,Minimum sizes and protections vary—release undersized fish.,North Sea national agencies; UK IFCA/MMO; NL/DE authorities.,Shore,IUCN: LC (global). Size/season rules vary—release undersized.,"Name comes from Old Norse ‘bryllr’, meaning speckled."
Brill,"North Sea, North Atlantic",Dawn/dusk drifts over sandbanks and edges.,Moderate; moving water over drop-offs and sandbanks fishes best.,"Whole sandeel, fish strips; ambush predator on clean ground.",Best spring–autumn; slows in very cold water.,A slight chop is fine; heavy surf buries baits.,Sandbanks and sloping edges 10–60 m—classic drift tactics.,9,Minimum sizes and protections vary—release undersized fish.,North Sea national agencies; UK IFCA/MMO; NL/DE authorities.,Boat,IUCN: LC (global). Size/season rules vary—release undersized.,"Name comes from Old Norse ‘bryllr’, meaning speckled."
Megrim,"North Atlantic, Celtic/North Sea",Daytime drifts.,Low–moderate; happiest on gentle runs over clean ground.,"Small fish strips, sandeel, squid; ambush feeder on sand/mud.",Cool to mild water suits; very cold slows them.,Moderate chop is fine; big surf or heavy swell makes it hard to fish effectively.,Clean ground within casting reach in deeper beaches 10–30 m; offshore flats 30–120 m.,8,Local minimum sizes and protections—check before keeping fish.,UK IFCA/MMO; Ireland/Spain/France national agencies.,Shore,IUCN: LC (global). Regionally managed; check local MLS.,Known as ‘gallo’ in Spain—common on Galician menus.
Megrim,"North Atlantic, Celtic/North Sea",Daytime drifts.,Low–moderate; happiest on gentle runs over clean ground.,"Small fish strips, sandeel, squid; ambush feeder on sand/mud.",Cool to mild water suits; very cold slows them.,Moderate chop is fine; big surf or heavy swell makes it hard to fish effectively.,Wide flats 40–200 m; drift baits a metre off the bottom when dogfish are thick.,8,Local minimum sizes and protections—check before keeping fish.,UK IFCA/MMO; Ireland/Spain/France national agencies.,Boat,IUCN: LC (global). Regionally managed; check local MLS.,Known as ‘gallo’ in Spain—common on Galician menus.
Greater Weever,"Atlantic, North Sea, Mediterranean",Sunny calm days over warm sand; also dusk.,Low; lies in wait in soft sand.,Small worms and prawn pieces; ambush predator on sand flats.,Warmer months bring them inshore; cooler water pushes deeper.,Calm seas best; stirred-up sand reduces takes.,Edges of sandy beaches and estuary bars 1–15 m—watch those spines underfoot!,6,Venomous spines—handle with care and wear footwear; first-aid is hot-water immersion.,National fisheries and beach safety guidance.,Shore,IUCN: LC (global). Venomous spines—handle with care; generally not restricted.,Venomous spines gave rise to ‘wear shoes on the beach’ warnings.
Sand Eel,"North Atlantic, North Sea",Daylight and dusk when shoals move along the beach; night with lights in some harbours.,Low–moderate; moving water helps shoals hug the shore.,Tiny sabiki or small hooks; feeds on plankton and tiny crustaceans.,Prefers cooler to mild water; summer brings inshore shoals.,Settled weather gathers shoals; heavy surf scatters them.,Surf edges and shallow sandbars 0–10 m; harbour lights on calm nights.,6,Often gathered as bait; local rules may restrict netting or livebait transfer—check locally.,UK IFCA/MMO; North Sea national agencies.,Shore,IUCN: LC (global). Key forage species; local netting/livebait rules apply.,Not eels at all—burrowing fish that underpin North Sea food webs.
Sand Eel,"North Atlantic, North Sea",Daylight and dusk when shoals move along the beach; night with lights in some harbours.,Low–moderate; moving water helps shoals hug the shore.,Tiny sabiki or small hooks; feeds on plankton and tiny crustaceans.,Prefers cooler to mild water; summer brings inshore shoals.,Settled weather gathers shoals; heavy surf scatters them.,Nearshore shoals and shallow banks 5–30 m; small-boat drifts find bigger launce.,6,Often gathered as bait; local rules may restrict netting or livebait transfer—check locally.,UK IFCA/MMO; North Sea national agencies.,Boat,IUCN: LC (global). Key forage species; local netting/livebait rules apply.,Not eels at all—burrowing fish that underpin North Sea food webs.
