id,rectangle_code,lat_south,lat_north,lon_west,lon_east,center_lat,center_lon,region,country_codes,is_coastal,distance_to_shore_km,created_at,bio_data_available,bio_data_sources,bio_data_checked_at,available_bio_params,bio_data_quality,coastal_point,coastal_sample_point
000648fe-51c9-44e7-8cde-4ae5eed1cccb,37I2,38.750000,39.250000,-0.500000,0.500000,39.000000,0.000000,Mediterranean,"[""ES""]",false,11.23,2025-09-26 16:28:08.009857+00,true,,2025-09-27 12:37:09.764,"[""chlorophyll"",""oxygen"",""nitrate"",""phosphate"",""salinity"",""surfaceTemperature"",""phytoplankton"",""ph""]",high,,0101000020E61000005BE03CE64D8FB1BFC45F9335EA744340
00084228-d0df-4246-8b48-fbc80353f4f3,26C7,51.750000,52.250000,-10.500000,-9.500000,52.000000,-10.000000,Irish Southwest,"[""IE""]",true,5.11,2025-09-26 16:27:21.18507+00,true,,2025-09-27 12:38:37.438,"[""chlorophyll"",""oxygen"",""nitrate"",""phosphate"",""salinity"",""surfaceTemperature"",""phytoplankton"",""ph""]",high,,0101000020E610000049952A79C50824C080A7962203064A40
0026ef1c-137a-49a1-bbe1-e4b35df5e69e,26O6,54.250000,54.750000,-1.000000,0.000000,54.500000,-0.500000,Yorkshire North,"[""GB""]",true,4.66,2025-09-26 16:38:04.319597+00,true,,2025-09-27 12:36:48.403,"[""chlorophyll"",""oxygen"",""nitrate"",""phosphate"",""salinity"",""surfaceTemperature"",""phytoplankton"",""ph""]",high,,0101000020E61000007C0FF2D5E91BE1BF70253B36023B4B40
0130da72-2e53-4187-9724-7b72ed22495e,26R1,51.250000,51.750000,-5.000000,-4.000000,51.500000,-4.500000,Bristol Channel Central,"[""GB""]",false,15.78,2025-09-26 16:38:04.319597+00,true,,2025-09-27 12:36:51.799,"[""chlorophyll"",""oxygen"",""nitrate"",""phosphate"",""salinity"",""surfaceTemperature"",""phytoplankton"",""ph""]",high,,0101000020E610000081F398373D2E11C0A420D335EEC74940
0177d206-4eb2-494f-b778-e21098c64857,26P2,58.500000,59.000000,6.000000,7.000000,58.750000,6.500000,Norwegian South,"[""NO""]",false,18.61,2025-09-26 16:31:40.037334+00,true,,2025-09-27 12:38:01.707,"[""chlorophyll"",""oxygen"",""nitrate"",""phosphate"",""salinity"",""surfaceTemperature"",""phytoplankton"",""ph""]",high,,0101000020E61000001EBA1872F4D2194069C5490948834D40
018702c3-3d18-49df-bcc1-dbac1b39eb8b,31E3,51.250000,51.750000,-3.500000,-2.500000,51.500000,-3.000000,Welsh Coast,"[""GB""]",true,3.55,2025-09-26 16:28:08.009857+00,true,,2025-09-27 12:37:06.083,"[""chlorophyll"",""oxygen"",""nitrate"",""phosphate"",""salinity"",""surfaceTemperature"",""phytoplankton"",""ph""]",high,,0101000020E6100000F9799D1E252008C0DC12B9E00CC44940
02861b37-d8e6-4665-8b25-9bdd27acda14,25O3,58.000000,58.500000,11.000000,12.000000,58.250000,11.500000,Swedish West Coast,"[""SE""]",true,0.09,2025-09-26 16:31:40.037334+00,true,,2025-09-27 12:37:47.712,"[""chlorophyll"",""oxygen"",""nitrate"",""phosphate"",""salinity"",""surfaceTemperature"",""phytoplankton"",""ph""]",high,,0101000020E6100000BA2DD3C09F00274060B3DA3718204D40
0296253f-39d9-4759-a750-6f36e6db8129,27H1,50.250000,50.750000,-5.000000,-4.000000,50.500000,-4.500000,Cornwall North,"[""GB""]",false,16.90,2025-09-26 16:38:04.319597+00,false,,2025-09-27 12:39:29.879,[],none,,0101000020E6100000D782B0C428C011C077AB53D23F2C4940
03a62dfa-a478-49b1-87ed-db215f2991ea,30U9,53.750000,54.250000,-6.000000,-5.000000,54.000000,-5.500000,North Wales West,"[""GB""]",false,27.52,2025-09-26 16:38:04.319597+00,false,,2025-09-27 12:39:42.486,[],none,,0101000020E61000009A8F108A528F16C0A76ACC35161E4B40
03e1eaee-31a4-42e9-a65d-58d1e2dfccb2,27I7,50.750000,51.250000,1.000000,2.000000,51.000000,1.500000,Sussex East,"[""GB""]",false,15.15,2025-09-26 16:38:04.319597+00,false,,2025-09-27 12:39:36.325,[],none,,0101000020E6100000E8F4BC1B0B4AF93FDF5CB2E0346F4940
04f442f9-3bd9-44b2-8804-54c5dbd5ae21,31C7,51.750000,52.250000,-7.500000,-6.500000,52.000000,-7.000000,Irish Southeast,"[""IE""]",false,14.63,2025-09-26 16:27:21.18507+00,true,,2025-09-27 12:38:51.53,"[""chlorophyll"",""oxygen"",""nitrate"",""phosphate"",""salinity"",""surfaceTemperature"",""phytoplankton"",""ph""]",high,,0101000020E61000001165153727141CC05381BC9FAA114A40
060a619d-bb96-4dca-bd5e-c4279df8eb72,26D6,40.000000,40.500000,-9.500000,-8.500000,40.250000,-9.000000,Portuguese Coast,"[""PT""]",true,9.16,2025-09-26 09:41:40.661955+00,true,,2025-09-27 12:38:34.06,"[""chlorophyll"",""oxygen"",""nitrate"",""phosphate"",""salinity"",""surfaceTemperature"",""phytoplankton"",""ph""]",high,,0101000020E61000004007C98898CF21C011665E36871A4440
0634516e-a62b-40b5-85dd-21039810c0b6,26T9,51.750000,52.250000,-7.000000,-6.000000,52.000000,-6.500000,Pembrokeshire West,"[""GB""]",false,20.57,2025-09-26 16:38:04.319597+00,false,,2025-09-27 12:39:26.293,[],none,,0101000020E6100000A39F77C62C441AC035C9C37C6C174A40
07d3fa87-656e-4329-8f99-b2242d00cbce,22D8,43.250000,43.750000,-9.500000,-8.500000,43.500000,-9.000000,Galician Coast,"[""ES""]",false,21.88,2025-09-26 16:28:08.009857+00,true,,2025-09-27 12:36:58.681,"[""chlorophyll"",""oxygen"",""nitrate"",""phosphate"",""salinity"",""surfaceTemperature"",""phytoplankton"",""ph""]",high,,0101000020E610000045D2597C49D021C0B997BDB9DDA74540
083a0ed3-727e-4389-b5ad-9bb988a80b62,37R1,39.750000,40.250000,21.500000,22.500000,40.000000,22.000000,Greek Ionian,"[""GR""]",false,49.09,2025-09-26 16:36:05.706895+00,true,,2025-09-27 12:37:26.536,"[""chlorophyll"",""oxygen"",""nitrate"",""phosphate"",""salinity"",""surfaceTemperature"",""phytoplankton"",""ph""]",high,,0101000020E610000026AAB706B68C36408EBFFE356A124440
08cc406f-3082-4323-a4e2-2394f62ea769,38F5,58.250000,58.750000,-6.500000,-5.500000,58.500000,-6.000000,Scottish Northwest,"[""GB""]",false,12.01,2025-09-26 16:27:21.18507+00,false,,2025-09-27 12:38:57.898,[],none,,0101000020E61000007F3F468A12AE18C09CE7E3350A374D40
0919297b-e936-417e-ad19-3c0f6ae301c5,24N4,57.000000,57.500000,10.000000,11.000000,57.250000,10.500000,Danish Skagerrak,"[""DK""]",true,2.18,2025-09-26 16:31:40.037334+00,true,,2025-09-27 12:37:44.293,"[""chlorophyll"",""oxygen"",""nitrate"",""phosphate"",""salinity"",""surfaceTemperature"",""phytoplankton"",""ph""]",high,,0101000020E6100000585F89E8950625400D4FBECDE99B4C40
0ab06b95-82d1-488f-ae64-2f229fc37212,37V8,36.750000,37.250000,31.000000,32.000000,37.000000,31.500000,Turkish Mediterranean,"[""TR""]",false,25.50,2025-09-26 16:36:05.706895+00,false,,2025-09-27 12:39:20.173,[],none,,0101000020E6100000C891730756603F40823C16365E654240
0abd087b-a373-4db9-994d-d079108343b0,25N5,57.000000,57.500000,16.000000,17.000000,57.250000,16.500000,Swedish Baltic,"[""SE""]",true,0.62,2025-09-26 16:31:40.037334+00,true,,2025-09-27 12:37:54.552,"[""chlorophyll"",""oxygen"",""nitrate"",""phosphate"",""salinity"",""surfaceTemperature"",""phytoplankton"",""ph""]",high,,0101000020E61000006400B6C73D7E304044D840F94F9F4C40
0ad86bf2-9b45-4de0-acb7-8e828ed49e22,22L5,54.000000,54.500000,15.000000,16.000000,54.250000,15.500000,Polish Baltic,"[""PL""]",true,8.36,2025-09-26 16:31:40.037334+00,true,,2025-09-27 12:37:33.526,"[""chlorophyll"",""oxygen"",""nitrate"",""phosphate"",""salinity"",""surfaceTemperature"",""phytoplankton"",""ph""]",high,,0101000020E61000004D1520272B062F402355282447164B40
0af5fb04-1ad9-42c6-8788-08a8f4c1acf3,31N5,60.000000,60.500000,20.000000,21.000000,60.250000,20.500000,Swedish Baltic North,"[""SE""]",true,2.68,2025-09-26 16:31:40.037334+00,true,,2025-09-27 12:37:58.142,"[""chlorophyll"",""oxygen"",""nitrate"",""phosphate"",""salinity"",""surfaceTemperature"",""phytoplankton"",""ph""]",high,,0101000020E61000004F7C105DAB7E3440271422E010234E40
0c051098-5ac8-469b-bea3-cf32640b6c88,38W5,38.750000,39.250000,26.500000,27.500000,39.000000,27.000000,Turkish Aegean,"[""TR""]",true,7.41,2025-09-26 16:36:05.706895+00,true,,2025-09-27 12:36:27.436,"[""chlorophyll"",""oxygen"",""nitrate"",""phosphate"",""salinity"",""surfaceTemperature"",""phytoplankton"",""ph""]",high,,0101000020E61000004B186C6278F63A402A23548B4D784340
0c1094c0-9c45-4c31-b7d9-daa901e4ee28,34E1,56.250000,56.750000,-3.500000,-2.500000,56.500000,-3.000000,Scottish East,"[""GB""]",true,4.77,2025-09-26 16:27:21.18507+00,false,,2025-09-27 12:39:07.075,[],none,,0101000020E610000002266AD4D8F807C0F5A993B67C3A4C40
0c81a252-3d4a-42e5-a974-3c39bec5d4a6,34F4,56.250000,56.750000,-6.500000,-5.500000,56.500000,-6.000000,Scottish Highlands,"[""GB""]",true,0.53,2025-09-26 16:27:21.18507+00,false,,2025-09-27 12:38:54.657,[],none,,0101000020E6100000EDD808510F0718C0354D2ECE8C3F4C40
0cc7457a-7d4b-4d2f-a228-4b98771f3227,37M8,44.750000,45.250000,15.500000,16.500000,45.000000,16.000000,Croatian Islands Central,"[""HR""]",false,85.18,2025-09-26 16:36:05.706895+00,true,,2025-09-27 12:37:19.636,"[""surfaceTemperature""]",low,,0101000020E610000066A4390DAC0E2F4081971936CA224640
0dd6dbfa-6a03-49f2-95cd-8e32d531683f,28F4,47.750000,48.250000,-4.500000,-3.500000,48.000000,-4.000000,Bay of Biscay,"[""FR""]",false,10.77,2025-09-26 16:28:08.009857+00,true,,2025-09-27 12:37:02.552,"[""chlorophyll"",""oxygen"",""nitrate"",""phosphate"",""salinity"",""surfaceTemperature"",""phytoplankton"",""ph""]",high,,0101000020E610000050C9946AFAE70FC029B91EE0A4F34740
0dff55cd-a77d-404f-a923-0b8720b6b96e,25D8,52.750000,53.250000,-9.500000,-8.500000,53.000000,-9.000000,Irish West,"[""IE""]",false,14.06,2025-09-26 16:27:21.18507+00,true,,2025-09-27 12:38:37.433,"[""chlorophyll"",""oxygen"",""nitrate"",""phosphate"",""salinity"",""surfaceTemperature"",""phytoplankton"",""ph""]",high,,0101000020E610000019051C9D4E2522C0736F34362A8F4A40
0e8dc435-a5d7-47ab-8ab7-c986fe56f21e,40P1,65.500000,66.000000,11.000000,12.000000,65.750000,11.500000,Norwegian North,"[""NO""]",false,16.00,2025-09-26 16:31:40.037334+00,true,,2025-09-27 12:38:12.547,"[""chlorophyll"",""oxygen"",""nitrate"",""phosphate"",""salinity"",""surfaceTemperature"",""phytoplankton"",""ph""]",high,,0101000020E6100000D33E0C63C18727403B866CC5A3685040
10c39149-cc09-4d74-b875-bd1e96b11634,33P1,62.000000,62.500000,4.000000,5.000000,62.250000,4.500000,Norwegian Central,"[""NO""]",false,44.49,2025-09-26 16:31:40.037334+00,true,,2025-09-27 12:38:05.399,"[""chlorophyll"",""oxygen"",""nitrate"",""phosphate"",""salinity"",""surfaceTemperature"",""phytoplankton"",""ph""]",high,,0101000020E61000008D3B4ACA823613409553F135BAEB4E40
10d9bf9c-a008-4a7f-bf0b-b4f5ab2db473,38K5,42.250000,42.750000,8.500000,9.500000,42.500000,9.000000,Corsica North,"[""FR""]",false,16.00,2025-09-26 16:36:05.706895+00,true,,2025-09-27 12:36:37.918,"[""chlorophyll"",""oxygen"",""nitrate"",""phosphate"",""salinity"",""surfaceTemperature"",""phytoplankton"",""ph""]",high,,0101000020E610000063C7CD3862F42140A14C815063524540
11157f2d-d4be-49b8-a7d6-c88f9255a1e0,26E1,43.500000,44.000000,-5.000000,-4.000000,43.750000,-4.500000,Bay of Biscay,"[""ES""]",false,38.52,2025-09-25 15:24:28.1477+00,true,,2025-09-27 12:38:23.175,"[""chlorophyll"",""oxygen"",""nitrate"",""phosphate"",""salinity"",""surfaceTemperature"",""phytoplankton"",""ph""]",high,,0101000020E61000002A0A1FABE61612C04123981DA2B34540
116b5273-bf8a-4185-9461-f30e5c20afd7,31P1,61.000000,61.500000,4.000000,5.000000,61.250000,4.500000,Norwegian West,"[""NO""]",false,11.42,2025-09-26 16:31:40.037334+00,true,,2025-09-27 12:38:05.348,"[""chlorophyll"",""oxygen"",""nitrate"",""phosphate"",""salinity"",""surfaceTemperature"",""phytoplankton"",""ph""]",high,,0101000020E61000001E937B702DC112400B1F5BE03CA64E40
123bcc54-4866-4b53-8b63-1f7e4d08175c,29D8,54.750000,55.250000,-9.500000,-8.500000,55.000000,-9.000000,Irish Northwest,"[""IE""]",false,34.13,2025-09-26 16:27:21.18507+00,true,,2025-09-27 12:38:44.433,"[""chlorophyll"",""oxygen"",""nitrate"",""phosphate"",""salinity"",""surfaceTemperature"",""phytoplankton"",""ph""]",high,,0101000020E6100000F0856E9B4E9721C0AEFEBE3566594B40
125e0c6e-588c-486c-b293-9bb767dfa210,26C8,51.750000,52.250000,-9.500000,-8.500000,52.000000,-9.000000,Irish Southwest,"[""IE""]",false,41.29,2025-09-26 16:27:21.18507+00,true,,2025-09-27 12:38:37.453,"[""chlorophyll"",""oxygen"",""nitrate"",""phosphate"",""salinity"",""surfaceTemperature"",""phytoplankton"",""ph""]",high,,0101000020E610000018FE1D9B2EB521C0760CD98A47CC4940
12faaab5-4bee-45cb-9fec-3cd9968b4832,43P1,67.000000,67.500000,14.000000,15.000000,67.250000,14.500000,Norwegian Arctic,"[""NO""]",true,0.00,2025-09-26 16:31:40.037334+00,true,,2025-09-27 12:38:12.478,"[""chlorophyll"",""oxygen"",""nitrate"",""phosphate"",""salinity"",""surfaceTemperature"",""phytoplankton"",""ph""]",high,,0101000020E61000001607A70600002D403D7EFBDEFFCF5040
1473905b-119e-4805-b89d-e352d98b2702,42L2,39.250000,39.750000,9.500000,10.500000,39.500000,10.000000,Italian Coast,"[""IT""]",false,30.60,2025-09-26 16:28:08.009857+00,true,,2025-09-27 12:37:13.116,"[""chlorophyll"",""oxygen"",""nitrate"",""phosphate"",""salinity"",""surfaceTemperature"",""phytoplankton"",""ph""]",high,,0101000020E610000009394AB9564E2340B148B8358EC84340
1527a46d-240f-4706-9a6c-5ef4011b12fb,26R0,51.250000,51.750000,-6.000000,-5.000000,51.500000,-5.500000,Bristol Channel West,"[""GB""]",false,28.79,2025-09-26 16:38:04.319597+00,true,,2025-09-27 12:36:51.91,"[""chlorophyll"",""oxygen"",""nitrate"",""phosphate"",""salinity"",""surfaceTemperature"",""phytoplankton"",""ph""]",high,,0101000020E610000022D45636BD3D15C03D224B8B9FDD4940
1720216a-dd08-4f0d-9d33-ef2da655a06c,35F4,56.750000,57.250000,-6.500000,-5.500000,57.000000,-6.000000,Scottish Highlands,"[""GB""]",true,3.19,2025-09-26 16:27:21.18507+00,false,,2025-09-27 12:38:54.887,[],none,,0101000020E610000033798E0C2C0318C0C5EE3E12AF834C40
1b08533c-ad01-48db-bb57-c6cc99c495a0,37F6,57.750000,58.250000,-6.500000,-5.500000,58.000000,-6.000000,Scottish Highlands,"[""GB""]",false,19.79,2025-09-26 16:27:21.18507+00,false,,2025-09-27 12:38:57.903,[],none,,0101000020E61000008B9C120BD23517C0283586C3D5EC4C40
1b3849b8-e727-4627-a4f7-f2f34aa3c34d,25E0,43.000000,43.500000,-6.000000,-5.000000,43.250000,-5.500000,Bay of Biscay,"[""ES""]",false,29.34,2025-09-25 15:24:28.1477+00,true,,2025-09-27 12:38:22.957,"[""chlorophyll"",""oxygen"",""nitrate"",""phosphate"",""salinity"",""surfaceTemperature"",""phytoplankton"",""ph""]",high,,0101000020E6100000FA5BA736DDA715C08C1A0236D6C04540
1c09c1d2-c63d-45ba-aeb0-845c36444230,36F5,57.250000,57.750000,-7.500000,-6.500000,57.500000,-7.000000,Scottish Highlands,"[""GB""]",true,8.97,2025-09-26 16:27:21.18507+00,false,,2025-09-27 12:38:57.904,[],none,,0101000020E610000015AC71361D891CC0C45F9335EAC44C40
1d09b4e3-f5de-41b5-87de-18ce07472a5d,25K8,51.750000,52.250000,1.000000,2.000000,52.000000,1.500000,Essex East,"[""GB""]",true,4.39,2025-09-26 16:38:04.319597+00,true,,2025-09-27 12:36:44.998,"[""chlorophyll"",""oxygen"",""nitrate"",""phosphate"",""salinity"",""surfaceTemperature"",""phytoplankton"",""ph""]",high,,0101000020E61000006572C5200B6CF73F659AFA8A7F044A40
1e7e280d-b711-46e0-93fc-2418157d9a92,40Y3,43.250000,43.750000,28.000000,29.000000,43.500000,28.500000,Bulgarian Black Sea,"[""BG""]",true,6.64,2025-09-26 16:36:05.706895+00,true,,2025-09-27 12:36:30.83,"[""chlorophyll"",""oxygen"",""nitrate"",""phosphate"",""salinity"",""surfaceTemperature"",""phytoplankton"",""ph""]",high,,0101000020E6100000D5B95807F6883C40F3188AE024B84540
1f5050ec-46ec-4143-88c4-77b74bb04b0f,25E1,43.500000,44.000000,-6.000000,-5.000000,43.750000,-5.500000,Bay of Biscay,"[""ES""]",false,21.22,2025-09-25 15:24:28.1477+00,true,,2025-09-27 12:38:23.005,"[""chlorophyll"",""oxygen"",""nitrate"",""phosphate"",""salinity"",""surfaceTemperature"",""phytoplankton"",""ph""]",high,,0101000020E6100000B0095B2BFEF915C0C55AA12F8DC74540
201716ab-aa83-4832-85b1-22b0e1e52a74,26R2,51.250000,51.750000,-4.000000,-3.000000,51.500000,-3.500000,Bristol Channel East,"[""GB""]",true,9.46,2025-09-26 16:38:04.319597+00,true,,2025-09-27 12:36:51.859,"[""chlorophyll"",""oxygen"",""nitrate"",""phosphate"",""salinity"",""surfaceTemperature"",""phytoplankton"",""ph""]",high,,0101000020E6100000B23AB5FD1B0C0CC044A8B8E2C3B24940
20abe9b8-f672-40d8-88d2-07fb175d35c0,27I5,50.750000,51.250000,-1.000000,0.000000,51.000000,-0.500000,Sussex West,"[""GB""]",false,22.02,2025-09-26 16:38:04.319597+00,false,,2025-09-27 12:39:33.277,[],none,,0101000020E6100000000000000000E0BFA90FC935AA664940
21d2abc6-b3b8-4f7b-ae17-3ef68eb282d4,33F2,51.500000,52.000000,2.000000,3.000000,51.750000,2.500000,Dutch Coast,"[""NL""]",false,62.94,2025-09-26 09:41:40.661955+00,true,,2025-09-27 12:38:30.506,"[""chlorophyll"",""oxygen"",""nitrate"",""phosphate"",""salinity"",""surfaceTemperature"",""phytoplankton"",""ph""]",high,,0101000020E6100000294CCE3FB0B90540D4D17135B2954940
21ed7a0b-dcc4-4c72-a574-a33007c523f1,24E2,43.500000,44.000000,-8.000000,-7.000000,43.750000,-7.500000,Bay of Biscay,"[""ES""]",true,2.41,2025-09-26 09:41:40.661955+00,true,,2025-09-27 12:38:26.558,"[""chlorophyll"",""oxygen"",""nitrate"",""phosphate"",""salinity"",""surfaceTemperature"",""phytoplankton"",""ph""]",high,,0101000020E6100000D33DA18D12021EC0CAF385353ADD4540
223e37c1-c984-4d36-b96b-7835dc1c7e21,38R5,40.250000,40.750000,25.000000,26.000000,40.500000,25.500000,Greek Aegean,"[""GR""]",true,0.13,2025-09-26 16:36:05.706895+00,true,,2025-09-27 12:37:29.898,"[""chlorophyll"",""oxygen"",""nitrate"",""phosphate"",""salinity"",""surfaceTemperature"",""phytoplankton"",""ph""]",high,,0101000020E61000001E416DC320803940FBC57B34DB3F4440
23205796-459a-4c13-9ecc-5472adfcc4c7,30N5,59.500000,60.000000,19.000000,20.000000,59.750000,19.500000,Swedish Baltic North,"[""SE""]",true,6.86,2025-09-26 16:31:40.037334+00,true,,2025-09-27 12:37:58.156,"[""chlorophyll"",""oxygen"",""nitrate"",""phosphate"",""salinity"",""surfaceTemperature"",""phytoplankton"",""ph""]",high,,0101000020E610000078A114089668334081971936CADA4D40
24519661-a4b1-4404-9763-7e6e1eb409fd,31C6,51.750000,52.250000,-8.500000,-7.500000,52.000000,-8.000000,Irish Southeast,"[""IE""]",false,10.47,2025-09-26 16:27:21.18507+00,true,,2025-09-27 12:38:51.662,"[""chlorophyll"",""oxygen"",""nitrate"",""phosphate"",""salinity"",""surfaceTemperature"",""phytoplankton"",""ph""]",high,,0101000020E6100000597BE9375DB01FC0B592B135B6F44940
26c76f74-e2bb-4379-b2ac-080ac8e29f3e,30E8,49.500000,50.000000,-1.000000,0.000000,49.750000,-0.500000,English Channel,"[""GB"",""FR""]",false,43.63,2025-09-26 09:41:40.661955+00,true,,2025-09-27 12:38:27.036,"[""chlorophyll"",""oxygen"",""nitrate"",""phosphate"",""salinity"",""surfaceTemperature"",""phytoplankton"",""ph""]",high,,0101000020E6100000E4E7757A9480E1BF84E11236F2AD4840
26f32c03-f36e-4131-8a72-0d3c3d9773b6,40X6,41.250000,41.750000,29.000000,30.000000,41.500000,29.500000,Turkish Black Sea,"[""TR""]",false,32.44,2025-09-26 16:36:05.706895+00,true,,2025-09-27 12:36:27.467,"[""chlorophyll"",""oxygen"",""nitrate"",""phosphate"",""salinity"",""surfaceTemperature"",""phytoplankton"",""ph""]",high,,0101000020E6100000747BB478C5723D4070DDCAFCC69A4440
271da51f-ba85-4424-8cfd-7feffad87d96,44F1,61.250000,61.750000,-2.500000,-1.500000,61.500000,-2.000000,Shetland Islands,"[""GB""]",false,102.67,2025-09-26 16:27:21.18507+00,false,,2025-09-27 12:39:13.559,[],none,,0101000020E6100000293119D8746EF8BFD6766E3546474E40
2a32ff6c-7387-4f8f-8b88-5d9cf4288234,25M8,52.750000,53.250000,1.000000,2.000000,53.000000,1.500000,Norfolk East,"[""GB""]",false,13.96,2025-09-26 16:38:04.319597+00,true,,2025-09-27 12:36:48.362,"[""chlorophyll"",""oxygen"",""nitrate"",""phosphate"",""salinity"",""surfaceTemperature"",""phytoplankton"",""ph""]",high,,0101000020E6100000E422447DDE09F73FCFE6BF327C6F4A40
2a51ee85-f143-4994-a334-4602dee021dc,40F3,59.250000,59.750000,-4.500000,-3.500000,59.500000,-4.000000,Scottish North,"[""GB""]",false,56.62,2025-09-26 16:27:21.18507+00,false,,2025-09-27 12:39:00.943,[],none,,0101000020E6100000BE17BA6D3ACD0AC0D18778358A8C4D40
2c1c5d1c-855a-425b-946d-d7672c8f3c24,26P1,58.500000,59.000000,5.000000,6.000000,58.750000,5.500000,Norwegian South,"[""NO""]",true,0.82,2025-09-26 16:31:40.037334+00,true,,2025-09-27 12:38:01.875,"[""chlorophyll"",""oxygen"",""nitrate"",""phosphate"",""salinity"",""surfaceTemperature"",""phytoplankton"",""ph""]",high,,0101000020E61000000A789A0ED5F8154033CF3F96F45E4D40
2d96baac-a890-40c9-91bd-32664dffeb56,23M4,55.500000,56.000000,11.000000,12.000000,55.750000,11.500000,Danish Baltic,"[""DK""]",true,7.70,2025-09-26 16:31:40.037334+00,true,,2025-09-27 12:37:47.581,"[""chlorophyll"",""oxygen"",""nitrate"",""phosphate"",""salinity"",""surfaceTemperature"",""phytoplankton"",""ph""]",high,,0101000020E6100000E26DEF6481F4264055281C8BB7EB4B40
2ed756aa-5058-43f3-8ef3-fcbdbb6432ce,25P1,58.000000,58.500000,5.000000,6.000000,58.250000,5.500000,Norwegian South,"[""NO""]",false,31.80,2025-09-26 16:31:40.037334+00,true,,2025-09-27 12:37:58.028,"[""chlorophyll"",""oxygen"",""nitrate"",""phosphate"",""salinity"",""surfaceTemperature"",""phytoplankton"",""ph""]",high,,0101000020E61000002B0E0CC5C2951640CAF385353A464D40
2f35393d-6743-4019-b7ed-6314036f87fd,37R0,38.750000,39.250000,20.000000,21.000000,39.000000,20.500000,Ionian Islands,"[""GR""]",false,15.95,2025-09-26 16:36:05.706895+00,false,,2025-09-27 12:39:16.842,[],none,,0101000020E610000077F4BF5C8B983440D81B6B35DA8F4340
2fb76a19-8d3f-43ae-b3e6-231aeeb18f14,25J8,51.250000,51.750000,1.000000,2.000000,51.500000,1.500000,Essex Southeast,"[""GB""]",false,13.12,2025-09-26 16:38:04.319597+00,true,,2025-09-27 12:36:41.379,"[""chlorophyll"",""oxygen"",""nitrate"",""phosphate"",""salinity"",""surfaceTemperature"",""phytoplankton"",""ph""]",high,,0101000020E61000006572C5200B2CF73F70253B3602B14940
2ff58cdd-4bd6-41ef-94d8-4b07431b87cc,37Q1,40.250000,40.750000,21.000000,22.000000,40.500000,21.500000,Greek Ionian,"[""GR""]",false,91.56,2025-09-26 16:36:05.706895+00,true,,2025-09-27 12:37:26.413,"[""surfaceTemperature""]",low,,0101000020E6100000F1B677B240943640A420D335EE3B4440
303e1313-4d6b-43c4-88f5-80471888fa8a,41Y3,43.750000,44.250000,28.500000,29.500000,44.000000,29.000000,Romanian Black Sea,"[""RO""]",false,26.33,2025-09-26 16:36:05.706895+00,true,,2025-09-27 12:36:31.105,"[""chlorophyll"",""oxygen"",""nitrate"",""phosphate"",""salinity"",""surfaceTemperature"",""phytoplankton"",""ph""]",high,,0101000020E61000006A792F08F6AB3C40A90FC935AAFF4540
310abf5b-d91f-46ae-b236-3b4a34d62ea0,26O3,58.500000,59.000000,11.000000,12.000000,58.750000,11.500000,Swedish West Coast,"[""SE""]",false,16.48,2025-09-26 16:31:40.037334+00,true,,2025-09-27 12:37:51.183,"[""chlorophyll"",""oxygen"",""nitrate"",""phosphate"",""salinity"",""surfaceTemperature"",""phytoplankton"",""ph""]",high,,0101000020E6100000824EAD6301E02640785E2A36E67E4D40
31926cbf-0685-4d1a-b82f-768e939458ea,39K0,43.250000,43.750000,6.500000,7.500000,43.500000,7.000000,French Mediterranean,"[""FR""]",true,3.49,2025-09-26 16:28:08.009857+00,true,,2025-09-27 12:37:09.436,"[""chlorophyll"",""oxygen"",""nitrate"",""phosphate"",""salinity"",""surfaceTemperature"",""phytoplankton"",""ph""]",high,,0101000020E61000006D3C331C2A211C40576CDD17E1C24540
35959344-3152-4347-b2af-066fd24e8f22,36I0,39.750000,40.250000,8.500000,9.500000,40.000000,9.000000,Sardinia Central,"[""IT""]",false,41.04,2025-09-26 16:36:05.706895+00,true,,2025-09-27 12:36:41.23,"[""chlorophyll"",""oxygen"",""nitrate"",""phosphate"",""salinity"",""surfaceTemperature"",""phytoplankton"",""ph""]",high,,0101000020E610000075D31C0F6C1B214072CA373696EE4340
35bc3d58-6ab2-4a9f-9290-74e29a89c47c,29Q4,54.250000,54.750000,-4.000000,-3.000000,54.500000,-3.500000,Cumbria South,"[""GB""]",true,5.94,2025-09-26 16:38:04.319597+00,false,,2025-09-27 12:39:42.475,[],none,,0101000020E6100000F6BFA4CFB05C0CC048AC5CD9F0384B40
360d0d79-f409-4297-9eab-0940d0c1d19f,42Y3,44.250000,44.750000,29.000000,30.000000,44.500000,29.500000,Romanian Black Sea,"[""RO""]",false,35.06,2025-09-26 16:36:05.706895+00,true,,2025-09-27 12:36:34.575,"[""chlorophyll"",""oxygen"",""nitrate"",""phosphate"",""salinity"",""surfaceTemperature"",""phytoplankton"",""ph""]",high,,0101000020E610000027F348D701773D40FDCA5FDA5D684640
367d5729-d39d-42d3-989e-c94849a4d4ce,27J8,51.250000,51.750000,1.000000,2.000000,51.500000,1.500000,Kent North,"[""GB""]",false,13.12,2025-09-26 16:38:04.319597+00,false,,2025-09-27 12:39:36.327,[],none,,0101000020E61000006572C5200B2CF73F70253B3602B14940
368a4b8d-7e47-4e68-b798-2abe1e850ff4,43F1,60.750000,61.250000,-2.500000,-1.500000,61.000000,-2.000000,Shetland Islands,"[""GB""]",false,53.91,2025-09-26 16:27:21.18507+00,false,,2025-09-27 12:39:10.543,[],none,,0101000020E6100000619C09979F85F9BFB8DCAA35DE404E40
36abfb9f-6699-454a-b56b-1cbfd943f988,37F5,57.750000,58.250000,-7.500000,-6.500000,58.000000,-7.000000,Scottish Highlands,"[""GB""]",true,3.32,2025-09-26 16:27:21.18507+00,false,,2025-09-27 12:38:57.893,[],none,,0101000020E61000002FE0354B2F061CC05DCB58B60E044D40
372f2fb8-7896-4eb1-9615-b51eb5b0a7f6,31E8,50.000000,50.500000,-1.000000,0.000000,50.250000,-0.500000,English Channel,"[""GB""]",false,57.23,2025-09-26 09:41:40.661955+00,true,,2025-09-27 12:38:30.556,"[""chlorophyll"",""oxygen"",""nitrate"",""phosphate"",""salinity"",""surfaceTemperature"",""phytoplankton"",""ph""]",high,,0101000020E6100000000000000000E0BFA90FC935AA664940
381af3a4-7f6d-4895-9824-ba502fa881e8,24M2,55.000000,55.500000,7.000000,8.000000,55.250000,7.500000,Danish North Sea,"[""DK""]",false,50.31,2025-09-26 16:31:40.037334+00,true,,2025-09-27 12:37:37.038,"[""chlorophyll"",""oxygen"",""nitrate"",""phosphate"",""salinity"",""surfaceTemperature"",""phytoplankton"",""ph""]",high,,0101000020E6100000917D9065C1302040760CD98A47C64B40
38398a34-2978-46f7-9a60-8c4b840d46ea,37U8,34.750000,35.250000,32.000000,33.000000,35.000000,32.500000,Cyprus West,"[""CY""]",true,7.97,2025-09-26 16:36:05.706895+00,false,,2025-09-27 12:39:23.215,[],none,,0101000020E6100000ED8DB0D7C43940408EF150B0AB874140
38b55a48-dab4-4bbc-9296-1110d90df4ae,22M4,55.000000,55.500000,11.000000,12.000000,55.250000,11.500000,Danish Baltic,"[""DK""]",true,4.66,2025-09-26 16:31:40.037334+00,true,,2025-09-27 12:37:43.986,"[""chlorophyll"",""oxygen"",""nitrate"",""phosphate"",""salinity"",""surfaceTemperature"",""phytoplankton"",""ph""]",high,,0101000020E6100000C569D2B716032740A90FC935AA9A4B40
3960ee21-2f74-4145-ae3c-357b7815aabb,27N5,58.000000,58.500000,17.000000,18.000000,58.250000,17.500000,Swedish Baltic,"[""SE""]",false,50.35,2025-09-26 16:31:40.037334+00,true,,2025-09-27 12:37:54.531,"[""chlorophyll"",""oxygen"",""nitrate"",""phosphate"",""salinity"",""surfaceTemperature"",""phytoplankton"",""ph""]",high,,0101000020E610000020C319B2707631402C0318E0CC594D40
3a7be34a-207f-4926-aee3-ae12455011ce,38P1,64.500000,65.000000,9.000000,10.000000,64.750000,9.500000,Norwegian North,"[""NO""]",false,63.96,2025-09-26 16:31:40.037334+00,true,,2025-09-27 12:38:09.068,"[""chlorophyll"",""oxygen"",""nitrate"",""phosphate"",""salinity"",""surfaceTemperature"",""phytoplankton"",""ph""]",high,,0101000020E6100000E113460E6CC42240E6A26B706C0B5040
3b10bc98-78c2-459a-b453-0cb85d2bd521,38H1,39.750000,40.250000,3.500000,4.500000,40.000000,4.000000,Menorca,"[""ES""]",true,6.48,2025-09-26 16:36:05.706895+00,true,,2025-09-27 12:36:34.418,"[""chlorophyll"",""oxygen"",""nitrate"",""phosphate"",""salinity"",""surfaceTemperature"",""phytoplankton"",""ph""]",high,,0101000020E6100000BC15B79BA2F60F403267B63375074440
3b54a8b4-fd0b-4f96-90af-db1dfc1a6b8d,37J2,41.250000,41.750000,1.500000,2.500000,41.500000,2.000000,Mediterranean,"[""ES""]",false,21.80,2025-09-26 16:28:08.009857+00,true,,2025-09-27 12:37:09.494,"[""chlorophyll"",""oxygen"",""nitrate"",""phosphate"",""salinity"",""surfaceTemperature"",""phytoplankton"",""ph""]",high,,0101000020E610000025F3933D1AB50040EA8C1053A3A44440
3bdb6f49-890c-4120-8d4f-158ac233172a,31E9,50.000000,50.500000,0.000000,1.000000,50.250000,0.500000,English Channel,"[""FR""]",false,43.46,2025-09-26 09:41:40.661955+00,true,,2025-09-27 12:38:30.464,"[""chlorophyll"",""oxygen"",""nitrate"",""phosphate"",""salinity"",""surfaceTemperature"",""phytoplankton"",""ph""]",high,,0101000020E6100000CBE48A411618E33F9553F135BAED4840
3d23bd25-942f-440a-ada7-87a685c9462f,28Q6,61.000000,61.500000,25.000000,26.000000,61.250000,25.500000,Finnish Baltic,"[""FI""]",false,88.16,2025-09-26 16:31:40.037334+00,true,,2025-09-27 12:38:15.858,"[""salinity"",""surfaceTemperature""]",medium,,0101000020E61000007DDB5DB1D0EA3940B3EDB435223E4E40
3d9cf255-7ccf-4932-87af-3e900e85667e,39F4,58.750000,59.250000,-5.500000,-4.500000,59.000000,-5.000000,Scottish Northwest,"[""GB""]",false,41.41,2025-09-26 16:27:21.18507+00,false,,2025-09-27 12:39:00.938,[],none,,0101000020E61000004E0757E5E7F313C0CEEAD3E06C504D40
3dbed416-5653-4197-b25d-d5c30268267e,25N4,57.500000,58.000000,10.000000,11.000000,57.750000,10.500000,Danish Skagerrak,"[""DK""]",true,1.95,2025-09-26 16:31:40.037334+00,true,,2025-09-27 12:37:44.05,"[""chlorophyll"",""oxygen"",""nitrate"",""phosphate"",""salinity"",""surfaceTemperature"",""phytoplankton"",""ph""]",high,,0101000020E61000004AB2BEE3E4032540AAAD383B96DD4C40
3e732456-7cf3-41ff-9a59-11935d3babcc,37T4,35.750000,36.250000,23.000000,24.000000,36.000000,23.500000,Crete West,"[""GR""]",false,21.33,2025-09-26 16:36:05.706895+00,true,,2025-09-27 12:38:19.596,"[""chlorophyll"",""oxygen"",""nitrate"",""phosphate"",""salinity"",""surfaceTemperature"",""phytoplankton"",""ph""]",high,,0101000020E61000004F7C105DAB543740B592B135B6EE4140
3f912ec6-dc17-4abd-94e5-3a8e54b37579,35P1,63.000000,63.500000,6.000000,7.000000,63.250000,6.500000,Norwegian Central,"[""NO""]",false,51.42,2025-09-26 16:31:40.037334+00,true,,2025-09-27 12:38:08.986,"[""chlorophyll"",""oxygen"",""nitrate"",""phosphate"",""salinity"",""surfaceTemperature"",""phytoplankton"",""ph""]",high,,0101000020E61000008B87F71C58E61940100E51E0F8644F40
414794e6-74da-4a10-be51-7120eb597303,40F2,59.250000,59.750000,-3.500000,-2.500000,59.500000,-3.000000,Scottish North,"[""GB""]",false,15.62,2025-09-26 16:27:21.18507+00,false,,2025-09-27 12:39:00.943,[],none,,0101000020E61000000CFA1C69BAB807C09F31DD3532AE4D40
419e3ec1-8546-4e31-8f65-0ea575ce6753,25Q5,59.500000,60.000000,21.000000,22.000000,59.750000,21.500000,Finnish Archipelago,"[""FI""]",true,8.49,2025-09-26 16:31:40.037334+00,true,,2025-09-27 12:38:19.539,"[""chlorophyll"",""oxygen"",""nitrate"",""phosphate"",""salinity"",""surfaceTemperature"",""phytoplankton"",""ph""]",high,,0101000020E6100000342C465D6B913540416C448BC7E84D40
4223d1ea-9528-42d5-b4af-f2dc5c7673c3,37I1,39.250000,39.750000,3.000000,4.000000,39.500000,3.500000,Mallorca,"[""ES""]",false,12.99,2025-09-26 16:36:05.706895+00,true,,2025-09-27 12:36:34.429,"[""chlorophyll"",""oxygen"",""nitrate"",""phosphate"",""salinity"",""surfaceTemperature"",""phytoplankton"",""ph""]",high,,0101000020E610000050172994853F0B40A1D6D935C6CB4340
42daa5ea-290b-41ff-94b1-57577f940876,22D7,43.250000,43.750000,-8.500000,-7.500000,43.500000,-8.000000,Galician Coast,"[""ES""]",false,13.62,2025-09-26 16:28:08.009857+00,true,,2025-09-27 12:36:58.749,"[""chlorophyll"",""oxygen"",""nitrate"",""phosphate"",""salinity"",""surfaceTemperature"",""phytoplankton"",""ph""]",high,,0101000020E61000003455E69C8E1A20C0760CD98A47D24540
433fa5de-3386-4987-98dd-d86c904020aa,37M1,37.750000,38.250000,13.000000,14.000000,38.000000,13.500000,Sicily Central,"[""IT""]",true,7.43,2025-09-26 16:36:05.706895+00,true,,2025-09-27 12:36:37.947,"[""chlorophyll"",""oxygen"",""nitrate"",""phosphate"",""salinity"",""surfaceTemperature"",""phytoplankton"",""ph""]",high,,0101000020E6100000325E4E6441182B409F31DD3532074340
43e5413a-fb8c-4e19-ab57-5b7e1a4966e5,32E4,51.750000,52.250000,-4.500000,-3.500000,52.000000,-4.000000,Welsh Coast,"[""GB""]",false,32.36,2025-09-26 16:28:08.009857+00,true,,2025-09-27 12:37:06.168,"[""chlorophyll"",""oxygen"",""nitrate"",""phosphate"",""salinity"",""surfaceTemperature"",""phytoplankton"",""ph""]",high,,0101000020E6100000C3B414353D4D10C0C0159A35C2D64940
47fbb6c2-0ed2-42df-b540-4b46d0c04c75,38V6,38.250000,38.750000,27.000000,28.000000,38.500000,27.500000,Turkish Aegean,"[""TR""]",false,29.75,2025-09-26 16:36:05.706895+00,true,,2025-09-27 12:36:27.38,"[""chlorophyll"",""oxygen"",""nitrate"",""phosphate"",""salinity"",""surfaceTemperature"",""phytoplankton"",""ph""]",high,,0101000020E610000042542B5D0B2A3B409CE7E3350A3A4340
493885ed-b20a-4375-b7d5-9fe7cf77fee7,27R3,53.250000,53.750000,-4.000000,-3.000000,53.500000,-3.500000,Lancashire Central,"[""GB""]",false,18.65,2025-09-26 16:38:04.319597+00,false,,2025-09-27 12:39:39.404,[],none,,0101000020E61000006B603AFA7A970BC07567102DFEA94A40
494622f2-dc8f-4156-a6c9-19b6f3208095,22L6,54.000000,54.500000,16.000000,17.000000,54.250000,16.500000,Polish Baltic,"[""PL""]",false,15.97,2025-09-26 16:31:40.037334+00,true,,2025-09-27 12:37:33.473,"[""chlorophyll"",""oxygen"",""nitrate"",""phosphate"",""salinity"",""surfaceTemperature"",""phytoplankton"",""ph""]",high,,0101000020E6100000F009230736563040785E2A36E62D4B40
49db197e-f679-4e59-924d-d904e3211193,28N5,58.500000,59.000000,18.000000,19.000000,58.750000,18.500000,Swedish Baltic,"[""SE""]",false,22.38,2025-09-26 16:31:40.037334+00,true,,2025-09-27 12:37:54.56,"[""chlorophyll"",""oxygen"",""nitrate"",""phosphate"",""salinity"",""surfaceTemperature"",""phytoplankton"",""ph""]",high,,0101000020E6100000D666ADB200513240C94E8935A6764D40
49f1a3fb-3202-4020-8866-aa478b2030f1,27G3,49.750000,50.250000,-3.000000,-2.000000,50.000000,-2.500000,Devon South,"[""GB""]",false,37.27,2025-09-26 16:38:04.319597+00,false,,2025-09-27 12:39:29.878,[],none,,0101000020E6100000F1A952697ABF01C09064FB35FEDB4840
4a16c687-8699-4970-b770-062cc474a4f3,27P1,59.000000,59.500000,4.000000,5.000000,59.250000,4.500000,Norwegian West,"[""NO""]",false,21.26,2025-09-26 16:31:40.037334+00,true,,2025-09-27 12:38:01.732,"[""chlorophyll"",""oxygen"",""nitrate"",""phosphate"",""salinity"",""surfaceTemperature"",""phytoplankton"",""ph""]",high,,0101000020E61000008D3B4ACA826E1340CD45D7E0D8A64D40
4aa53d10-6ff4-41c9-9bab-daf7c35d85cc,36H0,39.250000,39.750000,8.000000,9.000000,39.500000,8.500000,Sardinia South,"[""IT""]",true,6.23,2025-09-26 16:36:05.706895+00,false,,2025-09-27 12:39:23.216,[],none,,0101000020E610000005DBDC0742E02040352B5281ECC34340
4b7454ef-1028-4e48-ac2b-60ad007b08c5,27M2,56.500000,57.000000,7.000000,8.000000,56.750000,7.500000,Danish North Sea,"[""DK""]",false,42.36,2025-09-26 16:31:40.037334+00,true,,2025-09-27 12:37:40.6,"[""chlorophyll"",""oxygen"",""nitrate"",""phosphate"",""salinity"",""surfaceTemperature"",""phytoplankton"",""ph""]",high,,0101000020E61000003FD9DEB8D6402040C0159A35C2484C40
4be76ec2-0874-48ad-b13d-b9bcc4ddd03d,26S0,51.250000,51.750000,-7.000000,-6.000000,51.500000,-6.500000,South Wales West,"[""GB""]",false,75.62,2025-09-26 16:38:04.319597+00,true,,2025-09-27 12:36:51.886,"[""chlorophyll"",""oxygen"",""nitrate"",""phosphate"",""salinity"",""surfaceTemperature"",""phytoplankton"",""ph""]",high,,0101000020E6100000757808E3A7511AC06C2EED8ACF164A40
4bfc09a8-18d8-4228-b2c5-1d9a54d2820d,25P2,58.000000,58.500000,6.000000,7.000000,58.250000,6.500000,Norwegian South,"[""NO""]",true,1.21,2025-09-26 16:31:40.037334+00,true,,2025-09-27 12:37:58.258,"[""chlorophyll"",""oxygen"",""nitrate"",""phosphate"",""salinity"",""surfaceTemperature"",""phytoplankton"",""ph""]",high,,0101000020E6100000B441CC53B3031A40E4E0FAA979214D40
4cef185c-ecff-4c6c-8d1a-952fe25099ab,30U8,53.750000,54.250000,-5.000000,-4.000000,54.000000,-4.500000,North Wales Central,"[""GB""]",true,9.71,2025-09-26 16:38:04.319597+00,false,,2025-09-27 12:39:42.485,[],none,,0101000020E610000090227C39FD3212C0989DEA35E20C4B40
4ee58725-7b0a-400b-b7ab-a17c2e409e4c,37K7,44.250000,44.750000,14.000000,15.000000,44.500000,14.500000,Croatian North Adriatic,"[""HR""]",true,0.77,2025-09-26 16:36:05.706895+00,true,,2025-09-27 12:37:16.432,"[""chlorophyll"",""oxygen"",""nitrate"",""phosphate"",""salinity"",""surfaceTemperature"",""phytoplankton"",""ph""]",high,,0101000020E6100000F31C9248B7FD2C403384E6E7293F4640
4fbdc2b3-9588-496a-99d9-9bab6ade3f90,41F1,59.750000,60.250000,-2.500000,-1.500000,60.000000,-2.000000,Orkney Islands,"[""GB""]",false,13.61,2025-09-26 16:27:21.18507+00,false,,2025-09-27 12:39:10.537,[],none,,0101000020E6100000B504CF73FA8000C0872B0C361A0F4E40
4fc08489-a6e0-46ab-8b57-6e9208f40dad,37S5,37.250000,37.750000,25.000000,26.000000,37.500000,25.500000,Cyclades Central,"[""GR""]",true,4.67,2025-09-26 16:36:05.706895+00,false,,2025-09-27 12:39:16.843,[],none,,0101000020E610000077476BB180763940736F34362ABC4240
4ff28407-8af5-4a77-b4cc-e8368a84e6dd,27D7,40.500000,41.000000,-9.000000,-8.000000,40.750000,-8.500000,Portuguese Coast,"[""PT""]",true,6.17,2025-09-26 09:41:40.661955+00,true,,2025-09-27 12:38:33.994,"[""chlorophyll"",""oxygen"",""nitrate"",""phosphate"",""salinity"",""surfaceTemperature"",""phytoplankton"",""ph""]",high,,0101000020E61000009854C8F0332521C0B592B135B6604440
5004b415-291f-4d85-a2a7-864f1f575051,34E5,53.250000,53.750000,-6.500000,-5.500000,53.500000,-6.000000,Irish East,"[""IE""]",true,0.67,2025-09-26 16:27:21.18507+00,true,,2025-09-27 12:38:47.759,"[""chlorophyll"",""oxygen"",""nitrate"",""phosphate"",""salinity"",""surfaceTemperature"",""phytoplankton"",""ph""]",high,,0101000020E610000068FD778E120518C0828FC18A53BF4A40
503c35de-6b66-4787-a7a7-fdb8532a7645,38J8,37.000000,37.500000,0.500000,1.500000,37.250000,1.000000,French Mediterranean,"[""FR""]",false,83.56,2025-09-26 09:41:40.661955+00,true,,2025-09-27 12:37:40.465,"[""chlorophyll"",""oxygen"",""nitrate"",""phosphate"",""salinity"",""surfaceTemperature"",""phytoplankton"",""ph""]",high,,0101000020E6100000B36B312E0BDCF23F0E6954E064414240
508cc43d-5aab-4cab-822e-ff7137021580,24Q5,59.000000,59.500000,21.000000,22.000000,59.250000,21.500000,Finnish Archipelago,"[""FI""]",false,58.83,2025-09-26 16:31:40.037334+00,true,,2025-09-27 12:38:16.134,"[""chlorophyll"",""oxygen"",""nitrate"",""phosphate"",""salinity"",""surfaceTemperature"",""phytoplankton"",""ph""]",high,,0101000020E6100000E38E92B2A0613540378E588B4FE34D40
514ddef5-0c7a-440d-a313-c584397d1f29,26Q6,60.000000,60.500000,23.000000,24.000000,60.250000,23.500000,Finnish Baltic,"[""FI""]",false,19.79,2025-09-26 16:31:40.037334+00,true,,2025-09-27 12:38:16.122,"[""chlorophyll"",""oxygen"",""nitrate"",""phosphate"",""salinity"",""surfaceTemperature"",""phytoplankton"",""ph""]",high,,0101000020E610000050D2D10619883740789AA2F521094E40
5254f496-87bb-4c4c-81fd-cc71a1835d57,21D8,42.250000,42.750000,-9.500000,-8.500000,42.500000,-9.000000,Galician Coast,"[""ES""]",true,3.54,2025-09-26 16:28:08.009857+00,true,,2025-09-27 12:36:55.288,"[""chlorophyll"",""oxygen"",""nitrate"",""phosphate"",""salinity"",""surfaceTemperature"",""phytoplankton"",""ph""]",high,,0101000020E6100000A6D65647E90522C0A420D335EE434540
52597543-077a-4136-bc2f-1c2e8fff89e2,37P1,64.000000,64.500000,8.000000,9.000000,64.250000,8.500000,Norwegian North,"[""NO""]",false,43.93,2025-09-26 16:31:40.037334+00,true,,2025-09-27 12:38:08.953,"[""chlorophyll"",""oxygen"",""nitrate"",""phosphate"",""salinity"",""surfaceTemperature"",""phytoplankton"",""ph""]",high,,0101000020E6100000EF95D46421F1204072CA373696ED4F40
531bf26a-ad42-4f5f-8a00-2708451b8c8a,25O6,53.750000,54.250000,-1.000000,0.000000,54.000000,-0.500000,Yorkshire East,"[""GB""]",false,18.57,2025-09-26 16:38:04.319597+00,true,,2025-09-27 12:36:48.454,"[""chlorophyll"",""oxygen"",""nitrate"",""phosphate"",""salinity"",""surfaceTemperature"",""phytoplankton"",""ph""]",high,,0101000020E6100000F91EE4ABD337D7BF9CE7E3350A1F4B40
53f24769-20ee-4c89-9130-81446d957c54,41P1,66.000000,66.500000,12.000000,13.000000,66.250000,12.500000,Norwegian Arctic,"[""NO""]",true,4.03,2025-09-26 16:31:40.037334+00,true,,2025-09-27 12:38:12.549,"[""chlorophyll"",""oxygen"",""nitrate"",""phosphate"",""salinity"",""surfaceTemperature"",""phytoplankton"",""ph""]",high,,0101000020E6100000C7A436E0A5072940D8B98A308B8C5040
54de0b48-c1fd-4210-b9fe-6beeead6bcab,34P1,62.500000,63.000000,5.000000,6.000000,62.750000,5.500000,Norwegian Central,"[""NO""]",false,42.40,2025-09-26 16:31:40.037334+00,true,,2025-09-27 12:38:05.499,"[""chlorophyll"",""oxygen"",""nitrate"",""phosphate"",""salinity"",""surfaceTemperature"",""phytoplankton"",""ph""]",high,,0101000020E61000000751AD742D18164077B92D36522F4F40
54fc0454-1ca9-42da-abb0-547550af0391,38E1,58.250000,58.750000,-3.500000,-2.500000,58.500000,-3.000000,Scottish Northeast,"[""GB""]",true,4.15,2025-09-26 16:27:21.18507+00,false,,2025-09-27 12:39:04.01,[],none,,0101000020E6100000A4C7EF6DFA7308C0D32C75351E3D4D40
55086655-6868-46d9-8f25-03cb20416a29,26M2,56.000000,56.500000,7.000000,8.000000,56.250000,7.500000,Danish North Sea,"[""DK""]",false,39.19,2025-09-26 16:31:40.037334+00,true,,2025-09-27 12:37:37.052,"[""chlorophyll"",""oxygen"",""nitrate"",""phosphate"",""salinity"",""surfaceTemperature"",""phytoplankton"",""ph""]",high,,0101000020E6100000B8EE416381362040B637AE354A0F4C40
55180796-4b21-4cf8-977b-9730639f9861,37U6,36.250000,36.750000,27.500000,28.500000,36.500000,28.000000,Rhodes,"[""GR""]",true,6.68,2025-09-26 16:36:05.706895+00,false,,2025-09-27 12:39:13.774,[],none,,0101000020E6100000BABC395CABFD3B40C94E8935A6474240
5622af02-b218-4bae-865a-4302d20fbd9d,27G2,49.750000,50.250000,-4.000000,-3.000000,50.000000,-3.500000,Devon Southwest,"[""GB""]",false,27.14,2025-09-26 16:38:04.319597+00,false,,2025-09-27 12:39:29.862,[],none,,0101000020E6100000D05499733A2A0DC0A420D335EE1C4940
576f7ba7-fe42-4ed3-9c36-ffb2873516fb,22M3,55.000000,55.500000,10.000000,11.000000,55.250000,10.500000,Danish Baltic,"[""DK""]",false,17.84,2025-09-26 16:31:40.037334+00,true,,2025-09-27 12:37:44.021,"[""chlorophyll"",""oxygen"",""nitrate"",""phosphate"",""salinity"",""surfaceTemperature"",""phytoplankton"",""ph""]",high,,0101000020E61000004C546F0D6CF12440B592B135B6B84B40
5792a745-a9fc-4cd1-8555-5cf7924f7b74,30E9,49.500000,50.000000,0.000000,1.000000,49.750000,0.500000,English Channel,"[""GB"",""FR""]",true,7.07,2025-09-26 09:41:40.661955+00,true,,2025-09-27 12:38:30.535,"[""chlorophyll"",""oxygen"",""nitrate"",""phosphate"",""salinity"",""surfaceTemperature"",""phytoplankton"",""ph""]",high,,0101000020E6100000EB0BEC066E66DE3F95C204483EE84840
581dca5d-22da-489e-952b-69aafbf7ecc4,35E5,53.750000,54.250000,-6.500000,-5.500000,54.000000,-6.000000,Irish East,"[""IE""]",true,4.81,2025-09-26 16:27:21.18507+00,true,,2025-09-27 12:38:51.452,"[""chlorophyll"",""oxygen"",""nitrate"",""phosphate"",""salinity"",""surfaceTemperature"",""phytoplankton"",""ph""]",high,,0101000020E61000003D273822111418C07E9366CA96054B40
59215414-8ca2-4cde-8f67-acb074dd835e,26R3,52.750000,53.250000,-4.000000,-3.000000,53.000000,-3.500000,Merseyside,"[""GB""]",false,32.87,2025-09-26 16:38:04.319597+00,true,,2025-09-27 12:36:51.772,"[""chlorophyll"",""oxygen"",""nitrate"",""phosphate"",""salinity"",""surfaceTemperature"",""phytoplankton"",""ph""]",high,,0101000020E6100000F35DA516A57F0CC02966738BAFA54A40
594d2b5d-267b-46bf-a012-11a63461bc42,37O2,41.750000,42.250000,19.500000,20.500000,42.000000,20.000000,Albanian Adriatic,"[""AL""]",false,39.41,2025-09-26 16:36:05.706895+00,true,,2025-09-27 12:37:23.255,"[""chlorophyll"",""oxygen"",""nitrate"",""phosphate"",""salinity"",""surfaceTemperature"",""phytoplankton"",""ph""]",high,,0101000020E61000000B5AED0676973340CC988235CEE84440
5c0a509f-cdc0-4ab4-a24b-5fd502be473c,24E1,43.500000,44.000000,-7.000000,-6.000000,43.750000,-6.500000,Bay of Biscay,"[""ES""]",false,19.56,2025-09-25 15:24:28.1477+00,true,,2025-09-27 12:38:26.456,"[""chlorophyll"",""oxygen"",""nitrate"",""phosphate"",""salinity"",""surfaceTemperature"",""phytoplankton"",""ph""]",high,,0101000020E6100000597BE9375DE019C0C94E8935A6C94540
5d8dda86-977d-400e-a070-ed7b3d267c4c,37O3,42.250000,42.750000,19.000000,20.000000,42.500000,19.500000,Albanian Adriatic,"[""AL""]",false,54.60,2025-09-26 16:36:05.706895+00,true,,2025-09-27 12:37:23.234,"[""chlorophyll"",""oxygen"",""nitrate"",""phosphate"",""salinity"",""surfaceTemperature"",""phytoplankton"",""ph""]",high,,0101000020E61000000B5AED06761533404700378B170E4540
5ea67cab-3c02-4530-bf0d-e663c36c4e32,30Q6,62.000000,62.500000,27.000000,28.000000,62.250000,27.500000,Finnish North,"[""FI""]",false,179.97,2025-09-26 16:31:40.037334+00,true,,2025-09-27 12:38:19.275,"[""surfaceTemperature""]",low,,0101000020E61000005563AEB1F0363B405872158BDF4A4E40
6032e923-42cc-4d4e-acbb-483e1c22c2e0,32P1,61.500000,62.000000,4.000000,5.000000,61.750000,4.500000,Norwegian West,"[""NO""]",false,16.13,2025-09-26 16:31:40.037334+00,true,,2025-09-27 12:38:05.353,"[""chlorophyll"",""oxygen"",""nitrate"",""phosphate"",""salinity"",""surfaceTemperature"",""phytoplankton"",""ph""]",high,,0101000020E6100000589BB5CA022C13402B0B708B43E54E40
603933bd-3b7c-4382-9185-34ac37d9456f,27R2,51.750000,52.250000,-4.000000,-3.000000,52.000000,-3.500000,Somerset Coast,"[""GB""]",false,48.25,2025-09-26 16:38:04.319597+00,false,,2025-09-27 12:39:36.332,[],none,,0101000020E61000001370BEC74FA90EC081971936CACE4940
60b2bbc2-298d-484e-9dd1-8c9cf3daf995,37H5,36.250000,36.750000,-4.500000,-3.500000,36.500000,-4.000000,Mediterranean,"[""ES""]",false,25.41,2025-09-26 16:28:08.009857+00,true,,2025-09-27 12:37:06.013,"[""chlorophyll"",""oxygen"",""nitrate"",""phosphate"",""salinity"",""surfaceTemperature"",""phytoplankton"",""ph""]",high,,0101000020E610000053D3895F0CB00FC0F07BE58B075D4240
61485fe7-fca4-49c2-afad-05ad5f5caedd,26T0,51.750000,52.250000,-6.000000,-5.000000,52.000000,-5.500000,Pembrokeshire East,"[""GB""]",false,17.37,2025-09-26 16:38:04.319597+00,false,,2025-09-27 12:39:26.473,[],none,,0101000020E61000008146448C326615C03833558BE3EF4940
618eefef-49ba-4048-84ed-1c8be3373f4d,37R4,39.750000,40.250000,24.000000,25.000000,40.000000,24.500000,Greek Aegean,"[""GR""]",false,18.88,2025-09-26 16:36:05.706895+00,true,,2025-09-27 12:37:29.842,"[""chlorophyll"",""oxygen"",""nitrate"",""phosphate"",""salinity"",""surfaceTemperature"",""phytoplankton"",""ph""]",high,,0101000020E61000007DDB5DB1D0643840E6F0A4E084134440
61e8894b-658c-4b03-aff0-a0e4ba6e2b7c,37J0,40.250000,40.750000,8.000000,9.000000,40.500000,8.500000,Sardinia North,"[""IT""]",false,10.76,2025-09-26 16:36:05.706895+00,true,,2025-09-27 12:36:41.259,"[""chlorophyll"",""oxygen"",""nitrate"",""phosphate"",""salinity"",""surfaceTemperature"",""phytoplankton"",""ph""]",high,,0101000020E6100000209EDC527EC52040E3A79899213A4440
630dbe6a-5466-42a2-85a3-afefc01b20cd,37M7,44.250000,44.750000,16.000000,17.000000,44.500000,16.500000,Croatian Central Adriatic,"[""HR""]",false,81.45,2025-09-26 16:36:05.706895+00,true,,2025-09-27 12:37:16.335,"[""salinity"",""surfaceTemperature""]",medium,,0101000020E61000002DEBFEB1106F3040823C16365EC64540
65396bf2-88d8-4822-a3e5-3cb3dab409b3,37J3,41.250000,41.750000,2.500000,3.500000,41.500000,3.000000,Mediterranean,"[""ES""]",false,24.25,2025-09-26 16:28:08.009857+00,true,,2025-09-27 12:37:09.561,"[""chlorophyll"",""oxygen"",""nitrate"",""phosphate"",""salinity"",""surfaceTemperature"",""phytoplankton"",""ph""]",high,,0101000020E610000090B9D7EEC37607403AC8900832DB4440
66cef928-b021-480c-9a30-5106237edbba,26E0,43.000000,43.500000,-5.000000,-4.000000,43.250000,-4.500000,Bay of Biscay,"[""ES""]",false,14.92,2025-09-25 15:24:28.1477+00,true,,2025-09-27 12:38:23.006,"[""chlorophyll"",""oxygen"",""nitrate"",""phosphate"",""salinity"",""surfaceTemperature"",""phytoplankton"",""ph""]",high,,0101000020E6100000C3B414353DED11C0872B0C361AB14540
66eb66e7-dc33-427f-99e2-3f1ac777e9c4,26D8,53.250000,53.750000,-9.500000,-8.500000,53.500000,-9.000000,Irish West,"[""IE""]",false,25.03,2025-09-26 16:27:21.18507+00,true,,2025-09-27 12:38:40.809,"[""chlorophyll"",""oxygen"",""nitrate"",""phosphate"",""salinity"",""surfaceTemperature"",""phytoplankton"",""ph""]",high,,0101000020E610000033846D66E60922C065B2ED763AA34A40
67250432-90b1-43c4-95b6-9dc54ada9f69,22D6,38.250000,38.750000,-9.500000,-8.500000,38.500000,-9.000000,Portuguese Coast,"[""PT""]",true,2.61,2025-09-26 16:28:08.009857+00,true,,2025-09-27 12:36:58.719,"[""chlorophyll"",""oxygen"",""nitrate"",""phosphate"",""salinity"",""surfaceTemperature"",""phytoplankton"",""ph""]",high,,0101000020E610000002EB496DD5F621C01CC546317C3D4340
6822ab34-8834-41cd-83e4-07a5fc5ac702,22M5,55.000000,55.500000,12.000000,13.000000,55.250000,12.500000,Danish Baltic,"[""DK""]",true,4.58,2025-09-26 16:31:40.037334+00,true,,2025-09-27 12:37:47.6,"[""chlorophyll"",""oxygen"",""nitrate"",""phosphate"",""salinity"",""surfaceTemperature"",""phytoplankton"",""ph""]",high,,0101000020E61000005A29A9B816EE284033445F8B27A54B40
698be002-6b28-4af1-b632-e94cf0cf5f1e,37U9,34.750000,35.250000,33.000000,34.000000,35.000000,33.500000,Cyprus East,"[""CY""]",false,15.34,2025-09-26 16:36:05.706895+00,false,,2025-09-27 12:39:23.215,[],none,,0101000020E6100000719AF4ADC5D24040B637AE354A774140
6a3ada02-e892-4c62-9cae-e610746fbf9b,34E3,55.250000,55.750000,-5.500000,-4.500000,55.500000,-5.000000,Scottish Southwest,"[""GB""]",true,4.59,2025-09-26 16:27:21.18507+00,false,,2025-09-27 12:38:54.665,[],none,,0101000020E61000005B82E7397D4814C09F31DD3532C14B40
6b00031e-bbd9-4d7f-84cb-18fc403f01be,29Q6,61.500000,62.000000,26.000000,27.000000,61.750000,26.500000,Finnish Baltic,"[""FI""]",false,122.67,2025-09-26 16:31:40.037334+00,true,,2025-09-27 12:38:15.905,"[""surfaceTemperature""]",low,,0101000020E610000026570CB2C0A83A40D9C067356E534E40
6b15191d-5b62-4685-8eeb-f710421de082,33E5,52.750000,53.250000,-6.500000,-5.500000,53.000000,-6.000000,Irish East,"[""IE""]",true,2.40,2025-09-26 16:27:21.18507+00,true,,2025-09-27 12:38:47.981,"[""chlorophyll"",""oxygen"",""nitrate"",""phosphate"",""salinity"",""surfaceTemperature"",""phytoplankton"",""ph""]",high,,0101000020E6100000515C71B9A80F18C00A190D11297D4A40
6c1b5ff4-663f-4624-889f-93eb68f3ddd7,37N6,43.750000,44.250000,16.000000,17.000000,44.000000,16.500000,Croatian Islands South,"[""HR""]",false,50.31,2025-09-26 16:36:05.706895+00,true,,2025-09-27 12:37:23.218,"[""chlorophyll"",""oxygen"",""nitrate"",""phosphate"",""salinity"",""surfaceTemperature"",""phytoplankton"",""ph""]",high,,0101000020E61000002DEBFEB1106F3040823C16365EC64540
6c6716fc-798b-4201-981b-7f4cf2d12ec6,37R3,39.750000,40.250000,23.500000,24.500000,40.000000,24.000000,Greek Aegean,"[""GR""]",true,0.32,2025-09-26 16:36:05.706895+00,true,,2025-09-27 12:37:29.843,"[""chlorophyll"",""oxygen"",""nitrate"",""phosphate"",""salinity"",""surfaceTemperature"",""phytoplankton"",""ph""]",high,,0101000020E61000005EBF9CD88FFF37403232C4BF55004440
6d49414d-25ae-416e-bf93-6d0744263f1e,27H5,50.250000,50.750000,-1.000000,0.000000,50.500000,-0.500000,Hampshire South,"[""GB""]",false,32.59,2025-09-26 16:38:04.319597+00,false,,2025-09-27 12:39:33.276,[],none,,0101000020E6100000000000000000E0BFA90FC935AA664940
6d9ce655-fc6f-40ac-a78e-b9afd6f8a842,22L8,54.000000,54.500000,18.000000,19.000000,54.250000,18.500000,Polish Baltic,"[""PL""]",false,20.40,2025-09-26 16:31:40.037334+00,true,,2025-09-27 12:37:33.413,"[""chlorophyll"",""oxygen"",""nitrate"",""phosphate"",""salinity"",""surfaceTemperature"",""phytoplankton"",""ph""]",high,,0101000020E610000077F4BF5C8B963240A6C5CF3582374B40
6e63e266-5e45-4d77-a347-9120003d4941,21C6,37.250000,37.750000,-9.000000,-8.000000,37.500000,-8.500000,Portuguese Coast,"[""PT""]",false,26.27,2025-09-26 16:28:08.009857+00,true,,2025-09-27 12:36:55.183,"[""chlorophyll"",""oxygen"",""nitrate"",""phosphate"",""salinity"",""surfaceTemperature"",""phytoplankton"",""ph""]",high,,0101000020E610000062B7FE14D39721C0EEE02414F6C14240
6e98c0ae-11ab-4039-9431-b97c1a5bf6c1,22L7,54.000000,54.500000,17.000000,18.000000,54.250000,17.500000,Polish Baltic,"[""PL""]",false,53.77,2025-09-26 16:31:40.037334+00,true,,2025-09-27 12:37:33.465,"[""chlorophyll"",""oxygen"",""nitrate"",""phosphate"",""salinity"",""surfaceTemperature"",""phytoplankton"",""ph""]",high,,0101000020E6100000732651E0AE713140D7CFD3495E614B40
723d5066-6156-4747-8074-a211ffd1da08,37S4,37.250000,37.750000,24.500000,25.500000,37.500000,25.000000,Cyclades South,"[""GR""]",true,4.86,2025-09-26 16:36:05.706895+00,false,,2025-09-27 12:39:16.839,[],none,,0101000020E6100000C9B4F997AFF338402DED524A1DBD4240
72801ac7-f28a-4362-947a-d015c0c6fddd,25M7,52.750000,53.250000,0.000000,1.000000,53.000000,0.500000,Norfolk West,"[""GB""]",true,5.08,2025-09-26 16:38:04.319597+00,true,,2025-09-27 12:36:44.946,"[""chlorophyll"",""oxygen"",""nitrate"",""phosphate"",""salinity"",""surfaceTemperature"",""phytoplankton"",""ph""]",high,,0101000020E61000009B60EE4916A6E03FD6766E35467A4A40
72a248c1-6e5b-42e3-9f0d-c6ad047ad386,27O2,59.000000,59.500000,11.000000,12.000000,59.250000,11.500000,Swedish West Coast,"[""SE""]",false,17.82,2025-09-26 16:31:40.037334+00,true,,2025-09-27 12:37:51.083,"[""chlorophyll"",""oxygen"",""nitrate"",""phosphate"",""salinity"",""surfaceTemperature"",""phytoplankton"",""ph""]",high,,0101000020E6100000FB63100EACBD2640989DEA35E28C4D40
7306eea1-b819-410a-a96f-3ae9892ee9c6,38R4,40.250000,40.750000,24.500000,25.500000,40.500000,25.000000,Greek Aegean,"[""GR""]",false,22.41,2025-09-26 16:36:05.706895+00,true,,2025-09-27 12:37:29.853,"[""chlorophyll"",""oxygen"",""nitrate"",""phosphate"",""salinity"",""surfaceTemperature"",""phytoplankton"",""ph""]",high,,0101000020E6100000BB698E07B6C73840E2A6ABE05C4E4440
730fd7da-742a-4a6c-9763-f4f8a1a68502,28F2,46.750000,47.250000,-2.500000,-1.500000,47.000000,-2.000000,Bay of Biscay,"[""FR""]",true,1.75,2025-09-26 16:28:08.009857+00,true,,2025-09-27 12:37:02.493,"[""chlorophyll"",""oxygen"",""nitrate"",""phosphate"",""salinity"",""surfaceTemperature"",""phytoplankton"",""ph""]",high,,0101000020E6100000450C82B7AC2400C0125887FD88814740
7343b14f-d195-410c-a2ec-dcbf73332413,29D9,54.750000,55.250000,-10.500000,-9.500000,55.000000,-10.000000,Irish Northwest,"[""IE""]",false,74.97,2025-09-26 16:27:21.18507+00,true,,2025-09-27 12:38:44.204,"[""chlorophyll"",""oxygen"",""nitrate"",""phosphate"",""salinity"",""surfaceTemperature"",""phytoplankton"",""ph""]",high,,0101000020E61000002CBAF59A1EB023C007D561E0142A4B40
7531118f-ef3b-401b-86c5-1619b9f9aaa2,37M5,43.250000,43.750000,17.000000,18.000000,43.500000,17.500000,Croatian South Adriatic,"[""HR""]",false,43.62,2025-09-26 16:36:05.706895+00,true,,2025-09-27 12:37:19.955,"[""chlorophyll"",""oxygen"",""nitrate"",""phosphate"",""salinity"",""surfaceTemperature"",""phytoplankton"",""ph""]",high,,0101000020E6100000D5B95807F6503140B637AE354A904540
7597febf-f9ca-4e65-a39d-f272a719d391,37U5,36.250000,36.750000,26.500000,27.500000,36.500000,27.000000,Dodecanese,"[""GR""]",false,13.95,2025-09-26 16:36:05.706895+00,false,,2025-09-27 12:39:13.575,[],none,,0101000020E610000085C9F90736213B40785E2A36E6484240
79558f2c-98c0-4e28-8ae5-f86af164725c,36F4,57.250000,57.750000,-6.500000,-5.500000,57.500000,-6.000000,Scottish Highlands,"[""GB""]",true,0.09,2025-09-26 16:27:21.18507+00,false,,2025-09-27 12:38:57.883,[],none,,0101000020E6100000DEE9B6BC25FF17C0E1C0F8961CC04C40
79f2cb69-34c6-4a62-b78a-c5507287a576,25K7,51.750000,52.250000,0.000000,1.000000,52.000000,0.500000,Essex Central,"[""GB""]",false,33.86,2025-09-26 16:38:04.319597+00,true,,2025-09-27 12:36:44.769,"[""chlorophyll"",""oxygen"",""nitrate"",""phosphate"",""salinity"",""surfaceTemperature"",""phytoplankton"",""ph""]",high,,0101000020E6100000B53F06E1C05AE63F736F34362ADC4940
79f2f420-1af1-4a07-8a5b-8ca718a36d2b,37N0,35.750000,36.250000,14.000000,15.000000,36.000000,14.500000,Malta,"[""MT""]",true,6.56,2025-09-26 16:36:05.706895+00,false,,2025-09-27 12:39:23.219,[],none,,0101000020E61000000EBE4AA24DED2C40818A251249F94140
7a12beb5-9de2-4589-89c9-b002dcbc7559,27T9,52.250000,52.750000,-6.000000,-5.000000,52.500000,-5.500000,Cardigan Bay South,"[""GB""]",false,59.39,2025-09-26 16:38:04.319597+00,false,,2025-09-27 12:39:39.418,[],none,,0101000020E6100000FA5BA736DD2715C0823C16365EF54940
7b70746c-d330-4c02-8251-18ddbfea4373,37I3,38.750000,39.250000,0.500000,1.500000,39.000000,1.000000,Mediterranean,"[""ES""]",false,19.60,2025-09-26 16:28:08.009857+00,true,,2025-09-27 12:37:09.56,"[""chlorophyll"",""oxygen"",""nitrate"",""phosphate"",""salinity"",""surfaceTemperature"",""phytoplankton"",""ph""]",high,,0101000020E61000009DC6ACCDB57EF33F73C2DF8A1F7A4340
7ce37f61-fbd9-4bab-b3fd-90646bf8458f,24D7,40.750000,41.250000,-8.500000,-7.500000,41.000000,-8.000000,Portuguese Coast,"[""PT""]",false,55.12,2025-09-26 16:28:08.009857+00,true,,2025-09-27 12:36:58.669,"[""chlorophyll"",""oxygen"",""nitrate"",""phosphate"",""salinity"",""surfaceTemperature"",""phytoplankton"",""ph""]",high,,0101000020E61000009854C8F0332521C0B592B135B6604440
7d3315f5-252d-42c4-8be0-06262fb0c12b,40X8,41.250000,41.750000,31.000000,32.000000,41.500000,31.500000,Turkish Black Sea,"[""TR""]",false,15.38,2025-09-26 16:36:05.706895+00,true,,2025-09-27 12:36:30.857,"[""chlorophyll"",""oxygen"",""nitrate"",""phosphate"",""salinity"",""surfaceTemperature"",""phytoplankton"",""ph""]",high,,0101000020E61000003DCC3C78478A3F40ADA8F7E079AE4440
7d33acad-36ff-4799-8393-38bcde7b1c02,23M5,55.500000,56.000000,12.000000,13.000000,55.750000,12.500000,Danish Baltic,"[""DK""]",true,5.79,2025-09-26 16:31:40.037334+00,true,,2025-09-27 12:37:47.583,"[""chlorophyll"",""oxygen"",""nitrate"",""phosphate"",""salinity"",""surfaceTemperature"",""phytoplankton"",""ph""]",high,,0101000020E6100000F7B3A01E822D2940E9690CB30EDE4B40
7e048b9c-50fc-405f-bb6e-75ecd910e189,24O3,57.500000,58.000000,11.000000,12.000000,57.750000,11.500000,Swedish West Coast,"[""SE""]",true,8.01,2025-09-26 16:31:40.037334+00,true,,2025-09-27 12:37:47.639,"[""chlorophyll"",""oxygen"",""nitrate"",""phosphate"",""salinity"",""surfaceTemperature"",""phytoplankton"",""ph""]",high,,0101000020E6100000EEE87FB91639274051DE228B8FD94C40
7edd82e6-c637-4119-b4fd-c17e0530750c,43L3,39.750000,40.250000,10.500000,11.500000,40.000000,11.000000,Italian Coast,"[""IT""]",false,108.59,2025-09-26 16:28:08.009857+00,true,,2025-09-27 12:37:13.154,"[""chlorophyll"",""oxygen"",""nitrate"",""phosphate"",""salinity"",""surfaceTemperature"",""phytoplankton"",""ph""]",high,,0101000020E610000016B4DA0DEC76234075143136BE0A4440
7fee39bb-6510-4a85-9d4d-58217007ebd9,25D7,41.250000,41.750000,-8.500000,-7.500000,41.500000,-8.000000,Portuguese Coast,"[""PT""]",false,63.05,2025-09-26 16:28:08.009857+00,true,,2025-09-27 12:37:02.169,"[""chlorophyll"",""oxygen"",""nitrate"",""phosphate"",""salinity"",""surfaceTemperature"",""phytoplankton"",""ph""]",high,,0101000020E61000005CCD959C6E6421C08EBFFE356ADC4440
7ff8980e-3b7b-4475-9b09-66af82b190bf,39W5,39.250000,39.750000,27.000000,28.000000,39.500000,27.500000,Turkish Aegean,"[""TR""]",false,47.92,2025-09-26 16:36:05.706895+00,true,,2025-09-27 12:36:27.515,"[""chlorophyll"",""oxygen"",""nitrate"",""phosphate"",""salinity"",""surfaceTemperature"",""phytoplankton"",""ph""]",high,,0101000020E6100000EA2285B2F0F13A40C7A98C3512C54340
8159a36f-d29b-4ec9-8b14-3651f2bd6520,39P1,65.000000,65.500000,10.000000,11.000000,65.250000,10.500000,Norwegian North,"[""NO""]",false,31.54,2025-09-26 16:31:40.037334+00,true,,2025-09-27 12:38:09.057,"[""chlorophyll"",""oxygen"",""nitrate"",""phosphate"",""salinity"",""surfaceTemperature"",""phytoplankton"",""ph""]",high,,0101000020E61000003104A50D2C782540664CC11AE73D5040
84624fc5-cd8c-4478-915b-be864531bbb2,26P5,54.750000,55.250000,-2.000000,-1.000000,55.000000,-1.500000,Durham Coast,"[""GB""]",true,5.31,2025-09-26 16:38:04.319597+00,true,,2025-09-27 12:36:48.414,"[""chlorophyll"",""oxygen"",""nitrate"",""phosphate"",""salinity"",""surfaceTemperature"",""phytoplankton"",""ph""]",high,,0101000020E6100000E0B65B374A03F7BF8EBFFE356A854B40
84e59133-09b0-4400-b3a1-6039391f96b1,35G6,56.750000,57.250000,-8.500000,-7.500000,57.000000,-8.000000,Outer Hebrides,"[""GB""]",false,27.30,2025-09-26 16:27:21.18507+00,false,,2025-09-27 12:39:07.079,[],none,,0101000020E6100000741E5F8C92391EC01F88878B377B4C40
84fb99d2-376a-4b83-a5f6-6c94547202f8,28T9,52.750000,53.250000,-6.000000,-5.000000,53.000000,-5.500000,Cardigan Bay Central,"[""GB""]",false,33.49,2025-09-26 16:38:04.319597+00,false,,2025-09-27 12:39:39.418,[],none,,0101000020E610000018BA6D3A5DF917C011B34DE08C7A4A40
8589f53e-944c-4bd9-9b81-3c86ecdcf38a,37T6,35.750000,36.250000,25.000000,26.000000,36.000000,25.500000,Crete East,"[""GR""]",false,37.63,2025-09-26 16:36:05.706895+00,false,,2025-09-27 12:39:13.564,[],none,,0101000020E6100000C891730756723940DC12B9E00C2B4240
861384ee-7868-4c45-a664-30a2164ebde0,29T9,53.250000,53.750000,-6.000000,-5.000000,53.500000,-5.500000,Cardigan Bay North,"[""GB""]",false,33.15,2025-09-26 16:38:04.319597+00,false,,2025-09-27 12:39:42.486,[],none,,0101000020E61000003E7ECA8C12FF17C0B148B8358EBE4A40
86d139fd-1a78-4a00-a5aa-0d97279a3dd9,27D9,53.750000,54.250000,-10.500000,-9.500000,54.000000,-10.000000,Irish West,"[""IE""]",true,2.40,2025-09-26 16:27:21.18507+00,true,,2025-09-27 12:38:40.828,"[""chlorophyll"",""oxygen"",""nitrate"",""phosphate"",""salinity"",""surfaceTemperature"",""phytoplankton"",""ph""]",high,,0101000020E6100000C5BE1743CBFF23C060257559C3024B40
8738cfa9-aac8-40b1-9937-8c8d3ea30b25,37M6,43.750000,44.250000,16.500000,17.500000,44.000000,17.000000,Croatian Central Adriatic,"[""HR""]",false,66.42,2025-09-26 16:36:05.706895+00,true,,2025-09-27 12:37:19.726,"[""chlorophyll"",""oxygen"",""nitrate"",""phosphate"",""salinity"",""surfaceTemperature"",""phytoplankton"",""ph""]",high,,0101000020E61000008B0343B170E13040CFE27B35F6B34540
87651330-e253-431e-99c0-25ad1f3ba229,27Q6,60.500000,61.000000,24.000000,25.000000,60.750000,24.500000,Finnish Baltic,"[""FI""]",false,64.57,2025-09-26 16:31:40.037334+00,true,,2025-09-27 12:38:16.088,"[""chlorophyll"",""oxygen"",""nitrate"",""phosphate"",""salinity"",""surfaceTemperature"",""phytoplankton"",""ph""]",high,,0101000020E610000092F1DE07D68D3840CFE27B35F6134E40
8836067f-789a-41bc-a205-4d8368bc653a,36G6,57.250000,57.750000,-8.500000,-7.500000,57.500000,-8.000000,Outer Hebrides,"[""GB""]",false,29.16,2025-09-26 16:27:21.18507+00,false,,2025-09-27 12:39:13.569,[],none,,0101000020E61000002488A9E3E72D1EC0785E2A36E6CB4C40
88853fc0-eec5-4b53-8062-4e973fba6310,31Q6,62.500000,63.000000,28.000000,29.000000,62.750000,28.500000,Finnish North,"[""FI""]",false,224.39,2025-09-26 16:31:40.037334+00,true,,2025-09-27 12:38:19.324,"[""surfaceTemperature""]",low,,0101000020E610000026570CB2C0B03C4086860F36865E4E40
8933cb8c-512f-4b09-a778-cecde81b18cc,27H6,50.250000,50.750000,0.000000,1.000000,50.500000,0.500000,Hampshire East,"[""GB""]",false,31.94,2025-09-26 16:38:04.319597+00,false,,2025-09-27 12:39:33.276,[],none,,0101000020E6100000D7B8A3A42CE8D53F416C448BC7654940
8aa55f63-1a6c-467d-a514-e5de5b484c66,37S2,39.250000,39.750000,22.500000,23.500000,39.500000,23.000000,Greek Peloponnese,"[""GR""]",true,4.62,2025-09-26 16:36:05.706895+00,true,,2025-09-27 12:37:26.549,"[""chlorophyll"",""oxygen"",""nitrate"",""phosphate"",""salinity"",""surfaceTemperature"",""phytoplankton"",""ph""]",high,,0101000020E6100000C79429B04F033740520A3BCA3AC54340
8bd3e401-5c27-4508-961e-d99f542bb1b1,37N4,42.750000,43.250000,18.500000,19.500000,43.000000,19.000000,Montenegrin Adriatic,"[""ME""]",false,62.89,2025-09-26 16:36:05.706895+00,true,,2025-09-27 12:37:23.142,"[""chlorophyll"",""oxygen"",""nitrate"",""phosphate"",""salinity"",""surfaceTemperature"",""phytoplankton"",""ph""]",high,,0101000020E61000006A792F08F6AF32406C2EED8ACF3D4540
8c41d024-00ce-4b5d-ae0c-35438dc8f77e,24N5,56.500000,57.000000,15.000000,16.000000,56.750000,15.500000,Swedish Baltic,"[""SE""]",false,46.86,2025-09-26 16:31:40.037334+00,true,,2025-09-27 12:37:51.214,"[""chlorophyll"",""oxygen"",""nitrate"",""phosphate"",""salinity"",""surfaceTemperature"",""phytoplankton"",""ph""]",high,,0101000020E6100000325E4E64412C2F40D57EC6E0BC1A4C40
8c8d6594-05e6-42ff-a6c5-e70c85b675c3,27D8,53.750000,54.250000,-9.500000,-8.500000,54.000000,-9.000000,Irish West,"[""IE""]",false,18.47,2025-09-26 16:27:21.18507+00,true,,2025-09-27 12:38:40.736,"[""chlorophyll"",""oxygen"",""nitrate"",""phosphate"",""salinity"",""surfaceTemperature"",""phytoplankton"",""ph""]",high,,0101000020E6100000EAF8799D1E4522C0C94E8935A6124B40
8d54d417-b067-4bb5-a776-702dea45ba80,36E1,57.250000,57.750000,-3.500000,-2.500000,57.500000,-3.000000,Scottish Northeast,"[""GB""]",false,18.89,2025-09-26 16:27:21.18507+00,false,,2025-09-27 12:39:04.014,[],none,,0101000020E6100000D0DF23AC773B08C0B99217C7B5D54C40
8ddb1eca-872c-462a-997e-91bfd9d7dfeb,37E1,57.750000,58.250000,-3.500000,-2.500000,58.000000,-3.000000,Scottish Northeast,"[""GB""]",false,33.47,2025-09-26 16:27:21.18507+00,false,,2025-09-27 12:39:04.01,[],none,,0101000020E610000023F94A20257607C011B34DE08CD94C40
8e2e9dfd-0d78-43da-bf7a-b2208f8e36b9,22L4,54.000000,54.500000,14.000000,15.000000,54.250000,14.500000,Polish Baltic,"[""PL""]",false,29.40,2025-09-26 16:31:40.037334+00,true,,2025-09-27 12:37:30.079,"[""chlorophyll"",""oxygen"",""nitrate"",""phosphate"",""salinity"",""surfaceTemperature"",""phytoplankton"",""ph""]",high,,0101000020E61000006300940958242D407A0D41C859FD4A40
9183bcfb-e56c-4c47-9146-b03a97a62dad,34F6,56.250000,56.750000,-7.500000,-6.500000,56.500000,-7.000000,Inner Hebrides,"[""GB""]",true,0.72,2025-09-26 16:27:21.18507+00,false,,2025-09-27 12:39:10.532,[],none,,0101000020E6100000217AADDFA7F51BC03AD8518B77404C40
9298b462-baf7-4000-a81f-66fda6b458be,27I8,50.750000,51.250000,2.000000,3.000000,51.000000,2.500000,Kent Southeast,"[""GB""]",true,8.02,2025-09-26 16:38:04.319597+00,false,,2025-09-27 12:39:36.333,[],none,,0101000020E61000009D275D1443D4034023D8AA8847894940
934f80d1-c3b5-4fe8-8d0f-6ffb5b2b6e3d,30D5,55.250000,55.750000,-6.500000,-5.500000,55.500000,-6.000000,Irish North,"[""GB""]",false,16.87,2025-09-26 16:27:21.18507+00,true,,2025-09-27 12:38:47.812,"[""chlorophyll"",""oxygen"",""nitrate"",""phosphate"",""salinity"",""surfaceTemperature"",""phytoplankton"",""ph""]",high,,0101000020E61000004BF95AE1A73B18C0659AFA8A7FD44B40
974e0dd0-ecd5-4614-b876-a62e55660736,23E1,43.500000,44.000000,-8.000000,-7.000000,43.750000,-7.500000,Bay of Biscay,"[""ES""]",true,2.41,2025-09-25 15:24:28.1477+00,true,,2025-09-27 12:38:26.475,"[""chlorophyll"",""oxygen"",""nitrate"",""phosphate"",""salinity"",""surfaceTemperature"",""phytoplankton"",""ph""]",high,,0101000020E6100000D33DA18D12021EC0CAF385353ADD4540
986e6a14-cd6c-4707-9a1b-37832830bca7,29P1,60.000000,60.500000,4.000000,5.000000,60.250000,4.500000,Norwegian West,"[""NO""]",false,24.43,2025-09-26 16:31:40.037334+00,true,,2025-09-27 12:38:01.834,"[""chlorophyll"",""oxygen"",""nitrate"",""phosphate"",""salinity"",""surfaceTemperature"",""phytoplankton"",""ph""]",high,,0101000020E61000008A2D4EC642BE134011B34DE08C244E40
9a24551c-f929-46b1-bd45-58849a8ce84e,26S1,51.250000,51.750000,-6.000000,-5.000000,51.500000,-5.500000,South Wales Central,"[""GB""]",false,28.79,2025-09-26 16:38:04.319597+00,true,,2025-09-27 12:36:55.379,"[""chlorophyll"",""oxygen"",""nitrate"",""phosphate"",""salinity"",""surfaceTemperature"",""phytoplankton"",""ph""]",high,,0101000020E610000022D45636BD3D15C03D224B8B9FDD4940
9a9816cb-f8da-4f3c-84f1-8f6783e1d3ca,23N5,56.000000,56.500000,15.000000,16.000000,56.250000,15.500000,Swedish Baltic,"[""SE""]",true,6.63,2025-09-26 16:31:40.037334+00,true,,2025-09-27 12:37:51.146,"[""chlorophyll"",""oxygen"",""nitrate"",""phosphate"",""salinity"",""surfaceTemperature"",""phytoplankton"",""ph""]",high,,0101000020E61000009E839F5FB8092F4053AD9D1587174C40
9bb5e7b3-d000-49db-a29f-c2f51555a9cd,32N5,60.500000,61.000000,21.000000,22.000000,60.750000,21.500000,Swedish Baltic North,"[""SE""]",true,2.66,2025-09-26 16:31:40.037334+00,true,,2025-09-27 12:37:58.111,"[""chlorophyll"",""oxygen"",""nitrate"",""phosphate"",""salinity"",""surfaceTemperature"",""phytoplankton"",""ph""]",high,,0101000020E6100000483BC9B15078354072CA3736965D4E40
9bfa1cb1-35af-457a-bdb2-49eb22147d97,28R3,53.750000,54.250000,-4.000000,-3.000000,54.000000,-3.500000,Lancashire North,"[""GB""]",false,21.06,2025-09-26 16:38:04.319597+00,false,,2025-09-27 12:39:39.417,[],none,,0101000020E6100000B3507CC6CFA00AC0DF5CB2E0341A4B40
9d424732-b6dc-47f2-bb96-faa08a1a8ace,37W8,37.250000,37.750000,32.000000,33.000000,37.500000,32.500000,Turkish Mediterranean,"[""TR""]",false,114.15,2025-09-26 16:36:05.706895+00,false,,2025-09-27 12:39:19.865,[],none,,0101000020E6100000283E88AE5503404051DE228B8F454240
9e85774d-2f58-446b-a0c2-29c721fc2091,25Q6,59.500000,60.000000,22.000000,23.000000,59.750000,22.500000,Finnish Baltic,"[""FI""]",false,11.74,2025-09-26 16:31:40.037334+00,true,,2025-09-27 12:38:12.657,"[""chlorophyll"",""oxygen"",""nitrate"",""phosphate"",""salinity"",""surfaceTemperature"",""phytoplankton"",""ph""]",high,,0101000020E6100000F44C1AF32C7836409043CC07EAED4D40
9ef76130-116a-4f87-bac4-0722776b2e12,35G5,55.750000,56.250000,-5.500000,-4.500000,56.000000,-5.000000,Scottish Coast,"[""GB""]",true,2.85,2025-09-26 16:28:08.009857+00,true,,2025-09-27 12:37:06.029,"[""chlorophyll"",""oxygen"",""nitrate"",""phosphate"",""salinity"",""surfaceTemperature"",""phytoplankton"",""ph""]",high,,0101000020E610000074CBB3379DD113C051DE228B8FFF4B40
9f21fc01-5f37-4e99-889a-f84f7b2892bd,37V6,36.750000,37.250000,29.000000,30.000000,37.000000,29.500000,Turkish Mediterranean,"[""TR""]",false,51.74,2025-09-26 16:36:05.706895+00,false,,2025-09-27 12:39:19.863,[],none,,0101000020E61000006A792F08F61B3D40FAAC7CE074534240
9f495aa6-74e2-46f2-b691-c1f60f3c4781,33D5,52.000000,52.500000,-5.500000,-4.500000,52.250000,-5.000000,Irish Coast,"[""IE""]",false,24.39,2025-09-26 09:41:40.661955+00,true,,2025-09-27 12:38:34.112,"[""chlorophyll"",""oxygen"",""nitrate"",""phosphate"",""salinity"",""surfaceTemperature"",""phytoplankton"",""ph""]",high,,0101000020E6100000ED33C2363D1B14C0A6C5CF3582034A40
9f8a00f4-e1a9-421b-a3a1-8e4952bda903,26D9,53.250000,53.750000,-10.500000,-9.500000,53.500000,-10.000000,Irish West,"[""IE""]",true,2.21,2025-09-26 16:27:21.18507+00,true,,2025-09-27 12:38:40.827,"[""chlorophyll"",""oxygen"",""nitrate"",""phosphate"",""salinity"",""surfaceTemperature"",""phytoplankton"",""ph""]",high,,0101000020E6100000833E479A2E0624C07D4D2036A2BD4A40
a0d0c78a-2ba1-4908-aabe-4df8b582dc59,37H4,36.250000,36.750000,-5.500000,-4.500000,36.500000,-5.000000,Mediterranean,"[""ES""]",true,4.20,2025-09-26 16:28:08.009857+00,true,,2025-09-27 12:37:05.981,"[""chlorophyll"",""oxygen"",""nitrate"",""phosphate"",""salinity"",""surfaceTemperature"",""phytoplankton"",""ph""]",high,,0101000020E61000001D15ED40C8EB13C0F77FC7A0823B4240
a1549bc6-9eb0-4179-b046-04b320830f36,37N5,43.250000,43.750000,18.000000,19.000000,43.500000,18.500000,Croatian South Adriatic,"[""HR""]",false,92.99,2025-09-26 16:36:05.706895+00,true,,2025-09-27 12:37:19.659,"[""salinity"",""surfaceTemperature""]",medium,,0101000020E61000002DEBFEB1100B3240184740E0DC594540
a28c3af3-e907-4750-af05-2a024ff02f48,30D6,55.250000,55.750000,-7.500000,-6.500000,55.500000,-7.000000,Irish North,"[""GB""]",false,21.73,2025-09-26 16:27:21.18507+00,true,,2025-09-27 12:38:44.272,"[""chlorophyll"",""oxygen"",""nitrate"",""phosphate"",""salinity"",""surfaceTemperature"",""phytoplankton"",""ph""]",high,,0101000020E61000008FC8D2E2E72A1CC08EBFFE356AA24B40
a294ae64-edaf-4b43-832c-3a697741f0fe,28D8,54.250000,54.750000,-9.500000,-8.500000,54.500000,-9.000000,Irish Northwest,"[""IE""]",false,22.29,2025-09-26 16:27:21.18507+00,true,,2025-09-27 12:38:40.833,"[""chlorophyll"",""oxygen"",""nitrate"",""phosphate"",""salinity"",""surfaceTemperature"",""phytoplankton"",""ph""]",high,,0101000020E6100000E84427F0F30822C0E2A6ABE05C254B40
a3c52007-a4c2-429c-ba04-40ff4580d2e4,28O2,59.500000,60.000000,11.000000,12.000000,59.750000,11.500000,Swedish West Coast,"[""SE""]",false,42.88,2025-09-26 16:31:40.037334+00,true,,2025-09-27 12:37:50.967,"[""chlorophyll"",""oxygen"",""nitrate"",""phosphate"",""salinity"",""surfaceTemperature"",""phytoplankton"",""ph""]",high,,0101000020E610000009394AB9565A26409F31DD3532994D40
a3d7e13f-e554-47a4-b90b-f2560ac62542,37L0,37.250000,37.750000,12.500000,13.500000,37.500000,13.000000,Sicily South,"[""IT""]",true,1.18,2025-09-26 16:36:05.706895+00,true,,2025-09-27 12:36:41.265,"[""chlorophyll"",""oxygen"",""nitrate"",""phosphate"",""salinity"",""surfaceTemperature"",""phytoplankton"",""ph""]",high,,0101000020E61000009EF820BA56052A40989DEA35E2C04240
a57e8f54-e7a9-4d7e-8b37-4fb39f8cbf17,27G4,49.750000,50.250000,-2.000000,-1.000000,50.000000,-1.500000,Dorset West,"[""GB""]",false,32.73,2025-09-26 16:38:04.319597+00,false,,2025-09-27 12:39:29.88,[],none,,0101000020E6100000E72068C3A10BF7BFD2131E3D48DA4840
a5c73389-2cdc-4f14-a1ed-7e6e4986a97f,26Q5,60.000000,60.500000,22.000000,23.000000,60.250000,22.500000,Finnish Archipelago,"[""FI""]",true,0.34,2025-09-26 16:31:40.037334+00,true,,2025-09-27 12:38:19.616,"[""chlorophyll"",""oxygen"",""nitrate"",""phosphate"",""salinity"",""surfaceTemperature"",""phytoplankton"",""ph""]",high,,0101000020E6100000741612F206803640A7330F989B1F4E40
a5eac5ab-2441-4e93-bed6-33f257c632c1,35F5,56.750000,57.250000,-7.500000,-6.500000,57.000000,-7.000000,Scottish Highlands,"[""GB""]",false,18.23,2025-09-26 16:27:21.18507+00,false,,2025-09-27 12:38:54.665,[],none,,0101000020E610000068FD778E12DD1CC09109F835928E4C40
a623177b-1c5a-4a60-8480-5868ea2cbf5c,37J7,36.500000,37.000000,-0.500000,0.500000,36.750000,0.000000,French Mediterranean,"[""ES"",""FR""]",false,67.68,2025-09-26 09:41:40.661955+00,true,,2025-09-27 12:37:36.919,"[""chlorophyll"",""oxygen"",""nitrate"",""phosphate"",""salinity"",""surfaceTemperature"",""phytoplankton"",""ph""]",high,,0101000020E6100000D7B8A3A42CE8D53FE2A6ABE05C1A4240
a7471bb4-64fd-4ea2-ab54-f7998a14d123,42P1,66.500000,67.000000,13.000000,14.000000,66.750000,13.500000,Norwegian Arctic,"[""NO""]",true,2.23,2025-09-26 16:31:40.037334+00,true,,2025-09-27 12:38:12.536,"[""chlorophyll"",""oxygen"",""nitrate"",""phosphate"",""salinity"",""surfaceTemperature"",""phytoplankton"",""ph""]",high,,0101000020E61000001FFC0892D5042B40BE326A9705B25040
a7930ec8-4498-40d7-a0e5-e33ffea2b937,27H4,50.250000,50.750000,-2.000000,-1.000000,50.500000,-1.500000,Dorset Central,"[""GB""]",false,15.66,2025-09-26 16:38:04.319597+00,false,,2025-09-27 12:39:33.274,[],none,,0101000020E61000006E75BCC8A8F6F6BF71CDE53257524940
a7fce85a-1dfa-48a2-bb4f-a07dbbe4a191,39K1,43.250000,43.750000,7.500000,8.500000,43.500000,8.000000,French Mediterranean,"[""FR""]",false,38.86,2025-09-26 16:28:08.009857+00,true,,2025-09-27 12:37:13.08,"[""chlorophyll"",""oxygen"",""nitrate"",""phosphate"",""salinity"",""surfaceTemperature"",""phytoplankton"",""ph""]",high,,0101000020E61000001B79272F89C01F40F105BEE9ABEC4540
a8230e75-f55e-4a43-aac8-9280e5c9a414,25N7,53.250000,53.750000,-1.000000,0.000000,53.500000,-0.500000,Lincolnshire,"[""GB""]",false,19.87,2025-09-26 16:38:04.319597+00,true,,2025-09-27 12:36:48.418,"[""chlorophyll"",""oxygen"",""nitrate"",""phosphate"",""salinity"",""surfaceTemperature"",""phytoplankton"",""ph""]",high,,0101000020E6100000FDC68D113FF5E0BF75143136BED64A40
a84d4fdd-af9a-4366-98d5-6d903a94da4b,30Q4,54.750000,55.250000,-4.000000,-3.000000,55.000000,-3.500000,Cumbria North,"[""GB""]",true,0.84,2025-09-26 16:38:04.319597+00,false,,2025-09-27 12:39:42.476,[],none,,0101000020E610000029FE391625020CC09CE7E3350A7F4B40
aa2ea06e-4c4b-4db0-a1f8-87a99572825d,24E0,43.000000,43.500000,-7.000000,-6.000000,43.250000,-6.500000,Bay of Biscay,"[""ES""]",false,33.06,2025-09-25 15:24:28.1477+00,true,,2025-09-27 12:38:22.936,"[""chlorophyll"",""oxygen"",""nitrate"",""phosphate"",""salinity"",""surfaceTemperature"",""phytoplankton"",""ph""]",high,,0101000020E610000030FC3B365D0A1AC0673FF78A13C64540
ab31461b-31df-42c3-8cf2-93c1280003bb,33E1,55.750000,56.250000,-3.500000,-2.500000,56.000000,-3.000000,Scottish East,"[""GB""]",true,4.64,2025-09-26 16:27:21.18507+00,false,,2025-09-27 12:39:07.069,[],none,,0101000020E6100000C6901A3E2CEA07C01DB5A57980FA4B40
ab8edba2-7d2c-472f-a202-183cc1c02c3f,37M2,37.750000,38.250000,14.000000,15.000000,38.000000,14.500000,Sicily East,"[""IT""]",true,4.65,2025-09-26 16:36:05.706895+00,true,,2025-09-27 12:36:37.882,"[""chlorophyll"",""oxygen"",""nitrate"",""phosphate"",""salinity"",""surfaceTemperature"",""phytoplankton"",""ph""]",high,,0101000020E610000099634019C6FC2C40C4BC57D454054340
acd96688-b164-4361-9c09-d31a47a43a85,26N5,57.500000,58.000000,17.000000,18.000000,57.750000,17.500000,Swedish Baltic,"[""SE""]",false,50.19,2025-09-26 16:31:40.037334+00,true,,2025-09-27 12:37:54.524,"[""chlorophyll"",""oxygen"",""nitrate"",""phosphate"",""salinity"",""surfaceTemperature"",""phytoplankton"",""ph""]",high,,0101000020E61000004FCFBBB1A01A314033445F8B27AD4C40
ad44a7be-b6a8-4164-be22-4748f7938e28,31U9,54.250000,54.750000,-5.500000,-4.500000,54.500000,-5.000000,Anglesey,"[""GB""]",false,17.02,2025-09-26 16:38:04.319597+00,false,,2025-09-27 12:39:45.541,[],none,,0101000020E6100000E112DB38BDC613C0B148B8358E534B40
ad954784-3ce9-471e-9b49-d89d6429b1b6,27I6,50.750000,51.250000,0.000000,1.000000,51.000000,0.500000,Sussex Central,"[""GB""]",false,17.20,2025-09-26 16:38:04.319597+00,false,,2025-09-27 12:39:33.277,[],none,,0101000020E6100000E8F4DADF6EACE03FC0CC0605206C4940
ae2156a7-3218-40a3-ac21-b13202f6ca79,28P1,59.500000,60.000000,4.000000,5.000000,59.750000,4.500000,Norwegian West,"[""NO""]",false,52.64,2025-09-26 16:31:40.037334+00,true,,2025-09-27 12:38:01.874,"[""chlorophyll"",""oxygen"",""nitrate"",""phosphate"",""salinity"",""surfaceTemperature"",""phytoplankton"",""ph""]",high,,0101000020E6100000D0566F1E986D134000416FE0C4A74D40
b09357dd-ca9c-47a3-b26f-e18fe153339e,27G0,49.750000,50.250000,-6.000000,-5.000000,50.000000,-5.500000,Cornwall Southwest,"[""GB""]",true,8.04,2025-09-26 16:38:04.319597+00,false,,2025-09-27 12:39:26.293,[],none,,0101000020E6100000E0B831E2A72E16C0AC59C235D2084940
b1381111-bf3d-4cba-8253-fbfec0647d33,37L7,44.250000,44.750000,15.000000,16.000000,44.500000,15.500000,Croatian Central Adriatic,"[""HR""]",false,21.21,2025-09-26 16:36:05.706895+00,true,,2025-09-27 12:37:16.412,"[""chlorophyll"",""oxygen"",""nitrate"",""phosphate"",""salinity"",""surfaceTemperature"",""phytoplankton"",""ph""]",high,,0101000020E6100000F2041F5C43D12E4037519084DD284640
b3bd4d56-b62b-473b-b2e7-df80d0e6d8ca,38S4,37.750000,38.250000,24.000000,25.000000,38.000000,24.500000,Cyclades North,"[""GR""]",true,3.31,2025-09-26 16:36:05.706895+00,false,,2025-09-27 12:39:16.838,[],none,,0101000020E6100000F74A6AB290783840659AFA8A7FFD4240
b3fb7ff8-0256-4a3a-b4fc-385ff8b0bed1,37G6,57.750000,58.250000,-8.500000,-7.500000,58.000000,-8.000000,Outer Hebrides,"[""GB""]",false,38.45,2025-09-26 16:27:21.18507+00,false,,2025-09-27 12:39:07.466,[],none,,0101000020E61000006361889CBE1A21C0AC59C235D2E84C40
b594bcac-020d-4337-a9c2-27d044294ed6,40K0,38.000000,38.500000,8.000000,9.000000,38.250000,8.500000,Italian Coast,"[""IT""]",false,69.29,2025-09-26 09:41:40.661955+00,true,,2025-09-27 12:37:40.452,"[""chlorophyll"",""oxygen"",""nitrate"",""phosphate"",""salinity"",""surfaceTemperature"",""phytoplankton"",""ph""]",high,,0101000020E61000003104A50D2C4821407D4D2036A26E4340
b5b3f07d-3738-4e10-9414-976df6b45b9f,37T5,35.750000,36.250000,24.000000,25.000000,36.000000,24.500000,Crete Central,"[""GR""]",false,54.18,2025-09-26 16:36:05.706895+00,true,,2025-09-27 12:38:47.904,"[""chlorophyll"",""oxygen"",""nitrate"",""phosphate"",""salinity"",""surfaceTemperature"",""phytoplankton"",""ph""]",high,,0101000020E6100000FE310807D62E38402F4D11E0F4CA4140
b7f554ce-c13c-4b1d-a228-06e0920ce43e,25D9,52.750000,53.250000,-10.500000,-9.500000,53.000000,-10.000000,Irish West,"[""IE""]",false,19.86,2025-09-26 16:27:21.18507+00,true,,2025-09-27 12:38:37.442,"[""chlorophyll"",""oxygen"",""nitrate"",""phosphate"",""salinity"",""surfaceTemperature"",""phytoplankton"",""ph""]",high,,0101000020E61000001EE5BBEF739F23C0FDF675E09C914A40
b87270f9-8ea4-4e05-8192-376926a58ab6,25L7,52.250000,52.750000,0.000000,1.000000,52.500000,0.500000,Suffolk West,"[""GB""]",false,30.87,2025-09-26 16:38:04.319597+00,true,,2025-09-27 12:36:44.978,"[""chlorophyll"",""oxygen"",""nitrate"",""phosphate"",""salinity"",""surfaceTemperature"",""phytoplankton"",""ph""]",high,,0101000020E6100000E9C770862C9CD83FA27BD6355A624A40
b8b568b7-108f-465e-9806-65a668a372ef,27H3,50.250000,50.750000,-3.000000,-2.000000,50.500000,-2.500000,Devon Central,"[""GB""]",true,4.21,2025-09-26 16:38:04.319597+00,false,,2025-09-27 12:39:29.879,[],none,,0101000020E6100000BDBD101725AD03C0D18778358A434940
baa593f6-32ea-49e2-8361-ce5fb5b8f869,35E1,56.750000,57.250000,-3.500000,-2.500000,57.000000,-3.000000,Scottish East,"[""GB""]",false,44.61,2025-09-26 16:27:21.18507+00,false,,2025-09-27 12:39:07.069,[],none,,0101000020E61000004E56E22E59A607C06BA1B3C1E73A4C40
bbeb0094-2c8a-439b-9bf6-d6ab754103d4,39E1,58.750000,59.250000,-3.500000,-2.500000,59.000000,-3.000000,Scottish Northeast,"[""GB""]",true,0.94,2025-09-26 16:27:21.18507+00,false,,2025-09-27 12:39:04.025,[],none,,0101000020E61000004D637463A9F607C000ECCE2132814D40
bc5d3236-a09f-4b26-8237-ce57a2f4904b,28M1,57.000000,57.500000,8.000000,9.000000,57.250000,8.500000,Danish North Sea,"[""DK""]",false,15.85,2025-09-26 16:31:40.037334+00,true,,2025-09-27 12:37:40.601,"[""chlorophyll"",""oxygen"",""nitrate"",""phosphate"",""salinity"",""surfaceTemperature"",""phytoplankton"",""ph""]",high,,0101000020E61000003104A50D2C2C21409D8CE0359E8D4C40
bc8be41a-2881-410c-9de4-5cf86b29d837,39Y3,42.750000,43.250000,27.500000,28.500000,43.000000,28.000000,Bulgarian Black Sea,"[""BG""]",true,8.86,2025-09-26 16:36:05.706895+00,true,,2025-09-27 12:36:30.928,"[""chlorophyll"",""oxygen"",""nitrate"",""phosphate"",""salinity"",""surfaceTemperature"",""phytoplankton"",""ph""]",high,,0101000020E610000080162D3429E63B40DDFBD227C57B4540
bd5967d3-8a10-4fe7-919e-ae4cc5f3a6d5,38V5,38.250000,38.750000,26.000000,27.000000,38.500000,26.500000,Turkish Aegean,"[""TR""]",true,5.24,2025-09-26 16:36:05.706895+00,false,,2025-09-27 12:39:23.214,[],none,,0101000020E6100000342C465D6B793A40D18778358A3A4340
bd61e74d-d97e-41a3-8156-3e8947c2a88c,37I0,39.250000,39.750000,2.000000,3.000000,39.500000,2.500000,Mallorca,"[""ES""]",true,2.19,2025-09-26 16:36:05.706895+00,true,,2025-09-27 12:36:34.366,"[""chlorophyll"",""oxygen"",""nitrate"",""phosphate"",""salinity"",""surfaceTemperature"",""phytoplankton"",""ph""]",high,,0101000020E61000004071ECC52ED903404F0EA41D35BE4340
bebd89c4-f898-4d94-9fe2-745112d7b680,32C6,52.250000,52.750000,-7.500000,-6.500000,52.500000,-7.000000,Irish Southeast,"[""IE""]",false,23.46,2025-09-26 16:27:21.18507+00,true,,2025-09-27 12:38:51.431,"[""chlorophyll"",""oxygen"",""nitrate"",""phosphate"",""salinity"",""surfaceTemperature"",""phytoplankton"",""ph""]",high,,0101000020E6100000C40EBE8B52FD1BC01B9139E004254A40
c145ef29-a0a8-45fe-9360-4ed5b8684a06,37H0,38.750000,39.250000,1.000000,2.000000,39.000000,1.500000,Ibiza,"[""ES""]",true,5.05,2025-09-26 16:36:05.706895+00,true,,2025-09-27 12:36:34.393,"[""chlorophyll"",""oxygen"",""nitrate"",""phosphate"",""salinity"",""surfaceTemperature"",""phytoplankton"",""ph""]",high,,0101000020E61000007C41E0B754A4F83F1AFCA39CB57B4340
c35c814a-3d34-4102-84da-2a45ad9696f5,37K5,41.750000,42.250000,8.000000,9.000000,42.000000,8.500000,Corsica South,"[""FR""]",true,7.94,2025-09-26 16:36:05.706895+00,true,,2025-09-27 12:36:37.97,"[""chlorophyll"",""oxygen"",""nitrate"",""phosphate"",""salinity"",""surfaceTemperature"",""phytoplankton"",""ph""]",high,,0101000020E61000003104A50D2C2C21405BBC0E8B07FC4440
c3811196-5171-4ec7-b644-4fad8187ab9c,20C5,37.250000,37.750000,-8.000000,-7.000000,37.500000,-7.500000,Portuguese Coast,"[""PT""]",false,34.93,2025-09-26 16:28:08.009857+00,true,,2025-09-27 12:36:55.195,"[""chlorophyll"",""oxygen"",""nitrate"",""phosphate"",""salinity"",""surfaceTemperature"",""phytoplankton"",""ph""]",high,,0101000020E6100000597BE9375DA81DC089D00836AE984240
c4472fc0-a963-45eb-b5dd-f9d99bbe116c,37M0,37.750000,38.250000,12.000000,13.000000,38.000000,12.500000,Sicily West,"[""IT""]",true,0.28,2025-09-26 16:36:05.706895+00,true,,2025-09-27 12:36:37.954,"[""chlorophyll"",""oxygen"",""nitrate"",""phosphate"",""salinity"",""surfaceTemperature"",""phytoplankton"",""ph""]",high,,0101000020E61000008D7839909F012940BAB93B0BF7FF4240
c57b9357-9f42-44a7-bcdf-6e5dc089caee,39F3,58.750000,59.250000,-4.500000,-3.500000,59.000000,-4.000000,Scottish Northwest,"[""GB""]",false,45.13,2025-09-26 16:27:21.18507+00,false,,2025-09-27 12:39:00.933,[],none,,0101000020E610000022D45636BD1D10C0BF709D352E4C4D40
c6f81e6d-f3e5-48b3-a529-d31b5771a630,37Q0,39.250000,39.750000,19.500000,20.500000,39.500000,20.000000,Corfu,"[""GR""]",true,4.71,2025-09-26 16:36:05.706895+00,false,,2025-09-27 12:39:16.842,[],none,,0101000020E61000005CA4F55C4BFD3340E93A9EE0ACBA4340
c7bb8969-940b-4cb8-90d2-ce85f7008966,37P2,41.250000,41.750000,20.000000,21.000000,41.500000,20.500000,Albanian Adriatic,"[""AL""]",false,74.92,2025-09-26 16:36:05.706895+00,true,,2025-09-27 12:37:23.144,"[""chlorophyll"",""oxygen"",""nitrate"",""phosphate"",""salinity"",""surfaceTemperature"",""phytoplankton"",""ph""]",high,,0101000020E6100000D50C045CEB9C33407A0327367ACD4440
c952e2d2-1ef5-4c97-b83e-0f15f80c0813,27F1,46.250000,46.750000,-1.500000,-0.500000,46.500000,-1.000000,Bay of Biscay,"[""FR""]",false,22.05,2025-09-26 16:28:08.009857+00,true,,2025-09-27 12:37:02.402,"[""chlorophyll"",""oxygen"",""nitrate"",""phosphate"",""salinity"",""surfaceTemperature"",""phytoplankton"",""ph""]",high,,0101000020E610000079DED7929F1EF2BF256F25E07C294740
cacb856d-6955-4fb1-837b-03874bb43fd0,38F4,58.250000,58.750000,-5.500000,-4.500000,58.500000,-5.000000,Scottish Northwest,"[""GB""]",true,4.67,2025-09-26 16:27:21.18507+00,false,,2025-09-27 12:39:00.932,[],none,,0101000020E61000000938DFE3A71C14C029B91EE0A4454D40
cb107d7b-d049-4612-bbc8-a1d9b592d200,37R2,39.750000,40.250000,22.000000,23.000000,40.000000,22.500000,Greek Peloponnese,"[""GR""]",true,8.56,2025-09-26 16:36:05.706895+00,true,,2025-09-27 12:37:26.542,"[""chlorophyll"",""oxygen"",""nitrate"",""phosphate"",""salinity"",""surfaceTemperature"",""phytoplankton"",""ph""]",high,,0101000020E6100000F1B677B24092364084E11236F2064440
cc08ff65-a033-48d2-83dc-c5cec4ed77f1,33E2,54.750000,55.250000,-4.500000,-3.500000,55.000000,-4.000000,Scottish Southwest,"[""GB""]",false,17.27,2025-09-26 16:27:21.18507+00,false,,2025-09-27 12:38:54.642,[],none,,0101000020E6100000741E5F8C924110C07A56D28A6F6A4B40
cc8db77d-cf97-45b8-822e-b58798747717,25J7,51.250000,51.750000,0.000000,1.000000,51.500000,0.500000,Thames Estuary,"[""GB""]",true,1.37,2025-09-26 16:38:04.319597+00,true,,2025-09-27 12:36:41.484,"[""chlorophyll"",""oxygen"",""nitrate"",""phosphate"",""salinity"",""surfaceTemperature"",""phytoplankton"",""ph""]",high,,0101000020E6100000CC26E5C8ADDEDF3F911A6C0497C14940
ceda6bc7-db55-47b9-ae20-616d35daaec4,26S2,51.250000,51.750000,-5.000000,-4.000000,51.500000,-4.500000,South Wales East,"[""GB""]",false,15.78,2025-09-26 16:38:04.319597+00,false,,2025-09-27 12:39:26.797,[],none,,0101000020E610000081F398373D2E11C0A420D335EEC74940
d0c30442-f0b9-49fd-84ef-709acdc2d021,24N3,57.000000,57.500000,9.000000,10.000000,57.250000,9.500000,Danish Skagerrak,"[""DK""]",true,3.83,2025-09-26 16:31:40.037334+00,true,,2025-09-27 12:37:44.034,"[""chlorophyll"",""oxygen"",""nitrate"",""phosphate"",""salinity"",""surfaceTemperature"",""phytoplankton"",""ph""]",high,,0101000020E61000008D2FE7CFBE0B23404BF17F7C2C9B4C40
d26e2dff-e08f-4d93-ab21-679c19d49d12,33E3,54.750000,55.250000,-5.500000,-4.500000,55.000000,-5.000000,Scottish Southwest,"[""GB""]",true,2.18,2025-09-26 16:27:21.18507+00,true,,2025-09-27 12:38:51.559,"[""chlorophyll"",""oxygen"",""nitrate"",""phosphate"",""salinity"",""surfaceTemperature"",""phytoplankton"",""ph""]",high,,0101000020E610000070091E64E71F14C0A5A26D5EAD7E4B40
d624ef2e-ceef-46b3-8abe-31e95f2e21fd,23E0,43.000000,43.500000,-8.000000,-7.000000,43.250000,-7.500000,Bay of Biscay,"[""ES""]",false,39.23,2025-09-25 15:24:28.1477+00,true,,2025-09-27 12:38:26.468,"[""chlorophyll"",""oxygen"",""nitrate"",""phosphate"",""salinity"",""surfaceTemperature"",""phytoplankton"",""ph""]",high,,0101000020E6100000C71CBA8F92151DC04CEF2C8BD3C74540
d6fd4fd3-5a11-44e0-bcca-ea7bc7f692b1,30D7,55.250000,55.750000,-8.500000,-7.500000,55.500000,-8.000000,Irish North,"[""IE"",""GB""]",false,30.00,2025-09-26 16:27:21.18507+00,true,,2025-09-27 12:38:44.287,"[""chlorophyll"",""oxygen"",""nitrate"",""phosphate"",""salinity"",""surfaceTemperature"",""phytoplankton"",""ph""]",high,,0101000020E61000005874EB353DE81FC04E94298B679C4B40
d77c9332-c84a-4df1-9847-a97e84ad7944,36P1,63.500000,64.000000,7.000000,8.000000,63.750000,7.500000,Norwegian Central,"[""NO""]",false,39.54,2025-09-26 16:31:40.037334+00,true,,2025-09-27 12:38:09.059,"[""chlorophyll"",""oxygen"",""nitrate"",""phosphate"",""salinity"",""surfaceTemperature"",""phytoplankton"",""ph""]",high,,0101000020E61000001426E71FD81C1F40C94E8935A6B44F40
d9530429-ad2a-4d49-bf65-5f9058afb75a,37W9,37.250000,37.750000,33.000000,34.000000,37.500000,33.500000,Turkish Mediterranean,"[""TR""]",false,122.25,2025-09-26 16:36:05.706895+00,false,,2025-09-27 12:39:19.865,[],none,,0101000020E610000013D55B035B234140B3EDB435224B4240
d9a5accb-e572-43f1-8fca-9f68670db36f,27G1,49.750000,50.250000,-5.000000,-4.000000,50.000000,-4.500000,Cornwall South,"[""GB""]",false,33.36,2025-09-26 16:38:04.319597+00,false,,2025-09-27 12:39:26.294,[],none,,0101000020E61000008464C76C9F0C12C0E8EEA84AF5294940
db1166d5-3127-4414-ad66-4de6822e816a,27P5,55.250000,55.750000,-2.000000,-1.000000,55.500000,-1.500000,Northumberland South,"[""GB""]",true,5.63,2025-09-26 16:38:04.319597+00,false,,2025-09-27 12:39:36.334,[],none,,0101000020E6100000F49084D8F45BF9BFC45F9335EABD4B40
db8792a5-5379-435d-a90b-3ec3a0918336,37L6,43.750000,44.250000,15.500000,16.500000,44.000000,16.000000,Croatian Central Adriatic,"[""HR""]",false,31.99,2025-09-26 16:36:05.706895+00,true,,2025-09-27 12:37:16.389,"[""chlorophyll"",""oxygen"",""nitrate"",""phosphate"",""salinity"",""surfaceTemperature"",""phytoplankton"",""ph""]",high,,0101000020E6100000917D9065C1E02F40F3188AE024D94540
dc1abbe3-b4a0-4aaa-832a-168cc0c3163b,29F3,47.750000,48.250000,-3.500000,-2.500000,48.000000,-3.000000,Bay of Biscay,"[""FR""]",false,29.41,2025-09-26 16:28:08.009857+00,true,,2025-09-27 12:37:02.489,"[""chlorophyll"",""oxygen"",""nitrate"",""phosphate"",""salinity"",""surfaceTemperature"",""phytoplankton"",""ph""]",high,,0101000020E6100000BB09BE69FA1C09C022252CE054E04740
dc3b7ac4-3ca7-44c8-a198-19dc7251bb5b,28P5,55.750000,56.250000,-2.000000,-1.000000,56.000000,-1.500000,Northumberland North,"[""GB""]",false,38.94,2025-09-26 16:38:04.319597+00,false,,2025-09-27 12:39:39.405,[],none,,0101000020E610000018E552CB319FFABF0C0C47899ECC4B40
dc821320-b0b0-4f6b-b458-0ab7ebbc1abe,40X5,41.250000,41.750000,28.000000,29.000000,41.500000,28.500000,Turkish Black Sea,"[""TR""]",true,9.17,2025-09-26 16:36:05.706895+00,true,,2025-09-27 12:36:27.442,"[""chlorophyll"",""oxygen"",""nitrate"",""phosphate"",""salinity"",""surfaceTemperature"",""phytoplankton"",""ph""]",high,,0101000020E6100000CBD2A66544793C40EEE729DF93B54440
ddade61c-04ba-4b3f-91f1-8546b373a8ef,41K1,38.500000,39.000000,9.000000,10.000000,38.750000,9.500000,Italian Coast,"[""IT""]",false,39.39,2025-09-26 09:41:40.661955+00,true,,2025-09-27 12:37:40.57,"[""chlorophyll"",""oxygen"",""nitrate"",""phosphate"",""salinity"",""surfaceTemperature"",""phytoplankton"",""ph""]",high,,0101000020E61000004DAE186481092340CE3D7F35628D4340
df7dc8cc-b86c-4c6b-a89b-37e9f924b60a,23D6,38.750000,39.250000,-9.500000,-8.500000,39.000000,-9.000000,Portuguese Coast,"[""PT""]",true,2.42,2025-09-26 16:28:08.009857+00,true,,2025-09-27 12:36:58.718,"[""chlorophyll"",""oxygen"",""nitrate"",""phosphate"",""salinity"",""surfaceTemperature"",""phytoplankton"",""ph""]",high,,0101000020E610000064A462D543F621C00E5EE368D57D4340
e1168daf-e8ee-4757-a324-1046db948a7f,40X7,41.250000,41.750000,30.000000,31.000000,41.500000,30.500000,Turkish Black Sea,"[""TR""]",false,35.93,2025-09-26 16:36:05.706895+00,true,,2025-09-27 12:36:30.943,"[""chlorophyll"",""oxygen"",""nitrate"",""phosphate"",""salinity"",""surfaceTemperature"",""phytoplankton"",""ph""]",high,,0101000020E61000008A71C63797703E40997A787696954440
e36c1622-efde-4d16-96a0-b4d2df48aeb2,37L8,44.750000,45.250000,14.500000,15.500000,45.000000,15.000000,Croatian North Adriatic,"[""HR""]",true,7.07,2025-09-26 16:36:05.706895+00,true,,2025-09-27 12:37:16.473,"[""chlorophyll"",""oxygen"",""nitrate"",""phosphate"",""salinity"",""surfaceTemperature"",""phytoplankton"",""ph""]",high,,0101000020E610000053E1119C81D52D4007519C8E8F7C4640
e442de32-716d-4685-a8ae-19ae10626eba,32F1,51.000000,51.500000,1.000000,2.000000,51.250000,1.500000,Dutch Coast,"[""GB"",""NL""]",true,6.44,2025-09-26 09:41:40.661955+00,true,,2025-09-27 12:38:30.61,"[""chlorophyll"",""oxygen"",""nitrate"",""phosphate"",""salinity"",""surfaceTemperature"",""phytoplankton"",""ph""]",high,,0101000020E6100000A9618FB94494F63F4A691AB17A9D4940
e4b7f8c7-d6dc-4d0d-81dd-92ecfe3d64bb,27C7,51.250000,51.750000,-10.500000,-9.500000,51.500000,-10.000000,Irish Southwest,"[""IE""]",false,10.92,2025-09-26 16:27:21.18507+00,true,,2025-09-27 12:38:34.112,"[""chlorophyll"",""oxygen"",""nitrate"",""phosphate"",""salinity"",""surfaceTemperature"",""phytoplankton"",""ph""]",high,,0101000020E61000006361889CBE0E24C0A27BD6355ACC4940
e57eb3a9-7896-4707-aee1-f3f3bc728417,35F6,56.750000,57.250000,-7.500000,-6.500000,57.000000,-7.000000,Inner Hebrides,"[""GB""]",false,18.23,2025-09-26 16:27:21.18507+00,false,,2025-09-27 12:39:10.544,[],none,,0101000020E610000068FD778E12DD1CC09109F835928E4C40
e7164dac-70a9-465f-b254-a1dcd34ece04,37L9,45.250000,45.750000,14.000000,15.000000,45.500000,14.500000,Croatian Islands North,"[""HR""]",false,19.50,2025-09-26 16:36:05.706895+00,true,,2025-09-27 12:37:19.947,"[""chlorophyll"",""oxygen"",""nitrate"",""phosphate"",""salinity"",""surfaceTemperature"",""phytoplankton"",""ph""]",high,,0101000020E6100000B2F76246FDDF2C4017A92C02BAA94640
e798e91d-9f73-496e-b6cb-207bad06e434,25M2,55.500000,56.000000,7.000000,8.000000,55.750000,7.500000,Danish North Sea,"[""DK""]",false,42.24,2025-09-26 16:31:40.037334+00,true,,2025-09-27 12:37:37.073,"[""chlorophyll"",""oxygen"",""nitrate"",""phosphate"",""salinity"",""surfaceTemperature"",""phytoplankton"",""ph""]",high,,0101000020E61000008455AB6521302040BF709D352EC84B40
e9cc9bbb-aad3-4642-a647-5ddd9a78b184,37S3,39.250000,39.750000,23.000000,24.000000,39.500000,23.500000,Greek Peloponnese,"[""GR""]",false,31.88,2025-09-26 16:36:05.706895+00,true,,2025-09-27 12:37:26.577,"[""chlorophyll"",""oxygen"",""nitrate"",""phosphate"",""salinity"",""surfaceTemperature"",""phytoplankton"",""ph""]",high,,0101000020E610000020C319B270783740823C16365E9B4340
ebc9e20e-05c0-4653-b37c-0641a2e3e02c,32E5,52.250000,52.750000,-6.500000,-5.500000,52.500000,-6.000000,Irish East,"[""IE""]",false,15.08,2025-09-26 16:27:21.18507+00,true,,2025-09-27 12:38:48.166,"[""chlorophyll"",""oxygen"",""nitrate"",""phosphate"",""salinity"",""surfaceTemperature"",""phytoplankton"",""ph""]",high,,0101000020E610000080EC9A351DD618C0B8DCAA35DE454A40
ec636102-fd04-4350-939b-b88e351e4632,34D6,52.500000,53.000000,-4.500000,-3.500000,52.750000,-4.000000,Irish Coast,"[""IE""]",true,1.83,2025-09-26 09:41:40.661955+00,true,,2025-09-27 12:38:34.078,"[""chlorophyll"",""oxygen"",""nitrate"",""phosphate"",""salinity"",""surfaceTemperature"",""phytoplankton"",""ph""]",high,,0101000020E6100000B038D35181FD0FC062105071E35D4A40
ed389cda-5aff-4afb-a907-f03dd7ca3b9d,40F1,59.250000,59.750000,-2.500000,-1.500000,59.500000,-2.000000,Scottish North,"[""GB""]",false,20.01,2025-09-26 16:27:21.18507+00,false,,2025-09-27 12:39:04.009,[],none,,0101000020E61000003D224B8B9F6BFABF15FD46E0B4C34D40
ee72cb55-5917-4229-8f5b-52af4875fe72,30P1,60.500000,61.000000,4.000000,5.000000,60.750000,4.500000,Norwegian West,"[""NO""]",false,10.86,2025-09-26 16:31:40.037334+00,true,,2025-09-27 12:38:05.308,"[""chlorophyll"",""oxygen"",""nitrate"",""phosphate"",""salinity"",""surfaceTemperature"",""phytoplankton"",""ph""]",high,,0101000020E61000002E1C08C902BE1240F5BD86E0B8644E40
ef00ce1f-0891-4f94-8908-fa7dade63b70,41F2,59.750000,60.250000,-3.500000,-2.500000,60.000000,-3.000000,Orkney Islands,"[""GB""]",false,71.23,2025-09-26 16:27:21.18507+00,false,,2025-09-27 12:39:10.533,[],none,,0101000020E61000000CFA1C69BAB807C09F31DD3532AE4D40
ef3c8fd8-6a7a-4fc3-8bfc-50f522365364,25C8,52.250000,52.750000,-9.500000,-8.500000,52.500000,-9.000000,Irish Southwest,"[""IE""]",false,13.29,2025-09-26 16:27:21.18507+00,true,,2025-09-27 12:38:37.402,"[""chlorophyll"",""oxygen"",""nitrate"",""phosphate"",""salinity"",""surfaceTemperature"",""phytoplankton"",""ph""]",high,,0101000020E6100000DE8806B17A0722C0E9A4388D534F4A40
f001cd87-2b79-4a04-8ecc-053f9ae26c09,28D9,54.250000,54.750000,-10.500000,-9.500000,54.500000,-10.000000,Irish Northwest,"[""IE""]",false,21.59,2025-09-26 16:27:21.18507+00,true,,2025-09-27 12:38:44.331,"[""chlorophyll"",""oxygen"",""nitrate"",""phosphate"",""salinity"",""surfaceTemperature"",""phytoplankton"",""ph""]",high,,0101000020E6100000116A2B9BDEFE23C08434BE8AE7264B40
f2f10d87-a5b5-4358-9196-c3c4704f6501,37K9,45.250000,45.750000,13.000000,14.000000,45.500000,13.500000,Slovenian Adriatic,"[""SI""]",true,0.16,2025-09-26 16:36:05.706895+00,true,,2025-09-27 12:37:13.086,"[""chlorophyll"",""oxygen"",""nitrate"",""phosphate"",""salinity"",""surfaceTemperature"",""phytoplankton"",""ph""]",high,,0101000020E61000006AB17FC5E5002B40FDE61DC2E7BF4640
f349e56c-b405-48f0-b234-1e5da61f764b,21D7,42.250000,42.750000,-8.500000,-7.500000,42.500000,-8.000000,Galician Coast,"[""ES""]",false,53.98,2025-09-26 16:28:08.009857+00,true,,2025-09-27 12:36:55.178,"[""chlorophyll"",""oxygen"",""nitrate"",""phosphate"",""salinity"",""surfaceTemperature"",""phytoplankton"",""ph""]",high,,0101000020E610000011BDD6EFD33E21C07A0327367A2C4540
f42c56ad-924a-4e0d-a5ad-5f9f8155c50b,23L4,54.500000,55.000000,14.000000,15.000000,54.750000,14.500000,Polish Baltic,"[""PL""]",false,38.06,2025-09-26 16:31:40.037334+00,true,,2025-09-27 12:37:33.396,"[""chlorophyll"",""oxygen"",""nitrate"",""phosphate"",""salinity"",""surfaceTemperature"",""phytoplankton"",""ph""]",high,,0101000020E61000005B83520F2C662D408EBFFE356A8B4B40
f68f5798-b91e-4fca-8279-49cb4e3fbe67,37K8,44.750000,45.250000,13.500000,14.500000,45.000000,14.000000,Croatian North Adriatic,"[""HR""]",true,3.32,2025-09-26 16:36:05.706895+00,true,,2025-09-27 12:37:13.118,"[""chlorophyll"",""oxygen"",""nitrate"",""phosphate"",""salinity"",""surfaceTemperature"",""phytoplankton"",""ph""]",high,,0101000020E6100000E113460E6C142C40DF5CB2E034814640
f92b5255-0f24-4cf8-9f49-570d71f42a17,25L8,52.250000,52.750000,1.000000,2.000000,52.500000,1.500000,Suffolk East,"[""GB""]",false,17.20,2025-09-26 16:38:04.319597+00,true,,2025-09-27 12:36:44.976,"[""chlorophyll"",""oxygen"",""nitrate"",""phosphate"",""salinity"",""surfaceTemperature"",""phytoplankton"",""ph""]",high,,0101000020E6100000F42CAD2B0BABFB3F9F31DD3532354A40
fdbf81a3-4149-4441-85f7-0c1959cd8846,23L5,54.500000,55.000000,15.000000,16.000000,54.750000,15.500000,Polish Baltic,"[""PL""]",false,38.39,2025-09-26 16:31:40.037334+00,true,,2025-09-27 12:37:37.03,"[""chlorophyll"",""oxygen"",""nitrate"",""phosphate"",""salinity"",""surfaceTemperature"",""phytoplankton"",""ph""]",high,,0101000020E6100000DF0DB3E1FA392E408097BE7C57824B40
fe357694-4d15-4034-ae76-c42568cb73bd,29N5,59.000000,59.500000,18.000000,19.000000,59.250000,18.500000,Swedish Baltic,"[""SE""]",true,0.98,2025-09-26 16:31:40.037334+00,true,,2025-09-27 12:37:54.596,"[""chlorophyll"",""oxygen"",""nitrate"",""phosphate"",""salinity"",""surfaceTemperature"",""phytoplankton"",""ph""]",high,,0101000020E61000008E220866D57E324027FC5E38B49E4D40
fe609232-96a0-44a9-8432-da239b909688,37V7,36.750000,37.250000,30.000000,31.000000,37.000000,30.500000,Turkish Mediterranean,"[""TR""]",false,19.34,2025-09-26 16:36:05.706895+00,false,,2025-09-27 12:39:19.864,[],none,,0101000020E6100000264A71D1589E3E40C160824AFF6C4240