rectangle_code,stormglass_last_updated,met_last_updated,stormglass_status,met_status
20C5,null,null,missing,missing
21C6,null,null,missing,missing
21D7,null,null,missing,missing
21D8,null,null,missing,missing
22D6,null,null,missing,missing
22D7,null,null,missing,missing
22D8,null,null,missing,missing
22L4,null,null,missing,missing
22L5,null,null,missing,missing
22L6,null,null,missing,missing
22L7,null,null,missing,missing
22L8,null,null,missing,missing
22M3,null,null,missing,missing
22M4,null,null,missing,missing
22M5,null,null,missing,missing
23D6,null,null,missing,missing
23E0,null,null,missing,missing
23E1,null,null,missing,missing
23L4,null,null,missing,missing
23L5,null,null,missing,missing
23M4,null,null,missing,missing
23M5,null,null,missing,missing
23N5,null,null,missing,missing
24D7,null,null,missing,missing
24E0,null,null,missing,missing
24E1,null,null,missing,missing
24E2,null,null,missing,missing
24M2,null,null,missing,missing
24N3,null,null,missing,missing
24N4,null,null,missing,missing
24N5,null,null,missing,missing
24O3,null,null,missing,missing
24Q5,null,null,missing,missing
25C8,null,null,missing,missing
25D7,null,null,missing,missing
25D8,null,null,missing,missing
25D9,null,null,missing,missing
25E0,null,null,missing,missing
25E1,null,null,missing,missing
25J7,null,null,missing,missing
25J8,null,null,missing,missing
25K7,null,null,missing,missing
25K8,null,null,missing,missing
25L7,null,null,missing,missing
25L8,null,null,missing,missing
25M2,null,null,missing,missing
25M7,null,null,missing,missing
25M8,null,null,missing,missing
25N4,null,null,missing,missing
25N5,null,null,missing,missing
25N7,null,null,missing,missing
25O3,null,null,missing,missing
25O6,null,null,missing,missing
25P1,null,null,missing,missing
25P2,null,null,missing,missing
25Q5,null,null,missing,missing
25Q6,null,null,missing,missing
26C7,null,null,missing,missing
26C8,null,null,missing,missing
26D6,null,null,missing,missing
26D8,null,null,missing,missing
26D9,null,null,missing,missing
26E0,null,null,missing,missing
26E1,null,null,missing,missing
26M2,null,null,missing,missing
26N5,null,null,missing,missing
26O3,null,null,missing,missing
26O6,null,null,missing,missing
26P1,null,null,missing,missing
26P2,null,null,missing,missing
26P5,null,null,missing,missing
26Q5,null,null,missing,missing
26Q6,null,null,missing,missing
26R0,null,null,missing,missing
26R1,null,null,missing,missing
26R2,null,null,missing,missing
26R3,null,null,missing,missing
26S0,null,null,missing,missing
26S1,null,null,missing,missing
26S2,null,null,missing,missing
26T0,null,null,missing,missing
26T9,null,null,missing,missing
27C7,null,null,missing,missing
27D7,null,null,missing,missing
27D8,null,null,missing,missing
27D9,null,null,missing,missing
27F1,null,null,missing,missing
27G0,null,null,missing,missing
27G1,null,null,missing,missing
27G2,null,null,missing,missing
27G3,null,null,missing,missing
27G4,null,null,missing,missing
27H1,null,null,missing,missing
27H3,null,null,missing,missing
27H4,null,null,missing,missing
27H5,null,null,missing,missing
27H6,null,null,missing,missing
27I5,null,null,missing,missing
27I6,null,null,missing,missing
27I7,null,null,missing,missing
27I8,null,null,missing,missing
27J8,null,null,missing,missing
27M2,null,null,missing,missing
27N5,null,null,missing,missing
27O2,null,null,missing,missing
27P1,null,null,missing,missing
27P5,null,null,missing,missing
27Q6,null,null,missing,missing
27R2,null,null,missing,missing
27R3,null,null,missing,missing
27T9,null,null,missing,missing
28D8,null,null,missing,missing
28D9,null,null,missing,missing
28F2,null,null,missing,missing
28F4,null,null,missing,missing
28M1,null,null,missing,missing
28N5,null,null,missing,missing
28O2,null,null,missing,missing
28P1,null,null,missing,missing
28P5,null,null,missing,missing
28Q6,null,null,missing,missing
28R3,null,null,missing,missing
28T9,null,null,missing,missing
29D8,null,null,missing,missing
29D9,null,null,missing,missing
29F3,null,null,missing,missing
29N5,null,null,missing,missing
29P1,null,null,missing,missing
29Q4,null,null,missing,missing
29Q6,null,null,missing,missing
29T9,null,null,missing,missing
30D5,null,null,missing,missing
30D6,null,null,missing,missing
30D7,null,null,missing,missing
30E8,null,null,missing,missing
30E9,null,null,missing,missing
30N5,null,null,missing,missing
30P1,null,null,missing,missing
30Q4,null,null,missing,missing
30Q6,null,null,missing,missing
30U8,null,null,missing,missing
30U9,null,null,missing,missing
31C6,null,null,missing,missing
31C7,null,null,missing,missing
31E3,null,null,missing,missing
31E8,null,null,missing,missing
31E9,null,null,missing,missing
31N5,null,null,missing,missing
31P1,null,null,missing,missing
31Q6,null,null,missing,missing
31U9,null,null,missing,missing
32C6,null,null,missing,missing
32E4,null,null,missing,missing
32E5,null,null,missing,missing
32F1,null,null,missing,missing
32N5,null,null,missing,missing
32P1,null,null,missing,missing
33D5,null,null,missing,missing
33E1,null,null,missing,missing
33E2,null,null,missing,missing
33E3,null,null,missing,missing
33E5,null,null,missing,missing
33F2,null,null,missing,missing
33P1,null,null,missing,missing
34D6,null,null,missing,missing
34E1,null,null,missing,missing
34E3,null,null,missing,missing
34E5,null,null,missing,missing
34F4,null,null,missing,missing
34F6,null,null,missing,missing
34P1,null,null,missing,missing
35E1,null,null,missing,missing
35E5,null,null,missing,missing
35F4,null,null,missing,missing
35F5,null,null,missing,missing
35F6,null,null,missing,missing
35G5,null,null,missing,missing
35G6,null,null,missing,missing
35P1,null,null,missing,missing
36E1,null,null,missing,missing
36F4,null,null,missing,missing
36F5,null,null,missing,missing
36G6,null,null,missing,missing
36H0,null,null,missing,missing
36I0,null,null,missing,missing
36P1,null,null,missing,missing
37E1,null,null,missing,missing
37F5,null,null,missing,missing
37F6,null,null,missing,missing
37G6,null,null,missing,missing
37H0,null,null,missing,missing
37H4,null,null,missing,missing
37H5,null,null,missing,missing
37I0,null,null,missing,missing
37I1,null,null,missing,missing
37I2,null,null,missing,missing
37I3,null,null,missing,missing
37J0,null,null,missing,missing
37J2,null,null,missing,missing
37J3,null,null,missing,missing
37J7,null,null,missing,missing
37K5,null,null,missing,missing
37K7,null,null,missing,missing
37K8,null,null,missing,missing
37K9,null,null,missing,missing
37L0,null,null,missing,missing
37L6,null,null,missing,missing
37L7,null,null,missing,missing
37L8,null,null,missing,missing
37L9,null,null,missing,missing
37M0,null,null,missing,missing
37M1,null,null,missing,missing
37M2,null,null,missing,missing
37M5,null,null,missing,missing
37M6,null,null,missing,missing
37M7,null,null,missing,missing
37M8,null,null,missing,missing
37N0,null,null,missing,missing
37N4,null,null,missing,missing
37N5,null,null,missing,missing
37N6,null,null,missing,missing
37O2,null,null,missing,missing
37O3,null,null,missing,missing
37P1,null,null,missing,missing
37P2,null,null,missing,missing
37Q0,null,null,missing,missing
37Q1,null,null,missing,missing
37R0,null,null,missing,missing
37R1,null,null,missing,missing
37R2,null,null,missing,missing
37R3,null,null,missing,missing
37R4,null,null,missing,missing
37S2,null,null,missing,missing
37S3,null,null,missing,missing
37S4,null,null,missing,missing
37S5,null,null,missing,missing
37T4,null,null,missing,missing
37T5,null,null,missing,missing
37T6,null,null,missing,missing
37U5,null,null,missing,missing
37U6,null,null,missing,missing
37U8,null,null,missing,missing
37U9,null,null,missing,missing
37V6,null,null,missing,missing
37V7,null,null,missing,missing
37V8,null,null,missing,missing
37W8,null,null,missing,missing
37W9,null,null,missing,missing
38E1,null,null,missing,missing
38F4,null,null,missing,missing
38F5,null,null,missing,missing
38H1,null,null,missing,missing
38J8,null,null,missing,missing
38K5,null,null,missing,missing
38P1,null,null,missing,missing
38R4,null,null,missing,missing
38R5,null,null,missing,missing
38S4,null,null,missing,missing
38V5,null,null,missing,missing
38V6,null,null,missing,missing
38W5,null,null,missing,missing
39E1,null,null,missing,missing
39F3,null,null,missing,missing
39F4,null,null,missing,missing
39K0,null,null,missing,missing
39K1,null,null,missing,missing
39P1,null,null,missing,missing
39W5,null,null,missing,missing
39Y3,null,null,missing,missing
40F1,null,null,missing,missing
40F2,null,null,missing,missing
40F3,null,null,missing,missing
40K0,null,null,missing,missing
40P1,null,null,missing,missing
40X5,null,null,missing,missing
40X6,null,null,missing,missing
40X7,null,null,missing,missing
40X8,null,null,missing,missing
40Y3,null,null,missing,missing
41F1,null,null,missing,missing
41F2,null,null,missing,missing
41K1,null,null,missing,missing
41P1,null,null,missing,missing
41Y3,null,null,missing,missing
42L2,null,null,missing,missing
42P1,null,null,missing,missing
42Y3,null,null,missing,missing
43F1,null,null,missing,missing
43L3,null,null,missing,missing
43P1,null,null,missing,missing
44F1,null,null,missing,missing